GAME_ID,game_date,player_name,minutes,minutes_decimal,deflections,charges_drawn,usage_rate,y,winner_names
0021600015,2016-10-27,Jaylen Brown,20:26,20.433333333333334,,,0.0019,0,Tyler Zeller
0021600027,2016-10-29,Gerald Green,11:21,11.35,,,0.0024,0,Avery Bradley
0021600061,2016-11-02,James Young,0:39,0.65,,,0.0,0,Amir Johnson
0021600148,2016-11-14,James Young,6:27,6.45,,,0.0,0,Marcus Smart
0021600161,2016-11-16,James Young,6:39,6.65,,,0.00067,0,Isaiah Thomas
0021600179,2016-11-18,Demetrius Jackson,0:13,0.2166666666666666,,,0.0,0,Avery Bradley
0021600217,2016-11-23,James Young,1:35,1.5833333333333337,,,0.0,0,Jonas Jerebko
0021600283,2016-12-02,James Young,2:16,2.2666666666666666,,,0.0,0,Al Horford
0021600311,2016-12-05,Amir Johnson,4:45,4.75,,,0.00167,0,Marcus Smart
0021600456,2016-12-25,Jaylen Brown,6:17,6.283333333333333,,,0.071533593618057,0,Marcus Smart
0021600618,2017-01-16,Gerald Green,3:30,3.5,,,0.0,0,Isaiah Thomas
0021600826,2017-02-13,Jordan Mickey,1:06,1.1,,,0.0,0,Marcus Smart
0021600858,2017-02-24,Demetrius Jackson,0:11,0.1833333333333333,,,0.0,0,Jaylen Brown
0021600858,2017-02-24,Jordan Mickey,0:11,0.1833333333333333,,,0.0,0,Jaylen Brown
0021600879,2017-02-26,James Young,5:37,5.616666666666667,,,0.00133,0,Jaylen Brown
0021600929,2017-03-05,Tyler Zeller,5:31,5.516666666666667,,,0.0028599999999999,0,Terry Rozier
0021600959,2017-03-08,Jordan Mickey,0:45,0.75,,,0.0,0,Kelly Olynyk
0021600959,2017-03-08,Tyler Zeller,0:45,0.75,,,0.0,0,Kelly Olynyk
0021601047,2017-03-20,Tyler Zeller,6:26,6.433333333333334,,,0.2522359667468917,0,Avery Bradley
0021601145,2017-04-02,Gerald Green,6:12,6.2,,,0.00308,0,Marcus Smart
0021601177,2017-04-06,Jordan Mickey,0:05,0.0833333333333333,,,0.0,0,Marcus Smart
0021601219,2017-04-12,James Young,3:16,3.2666666666666666,,,0.0025,0,Gerald Green
0021700001,2017-10-17,Shane Larkin,4:49,4.816666666666666,,,0.00091,0,Jaylen Brown
0021700051,2017-10-24,Abdel Nader,4:20,4.333333333333333,,,0.0,0,Al Horford
0021700051,2017-10-24,Jabari Bird,2:41,2.6833333333333336,,,0.0,0,Al Horford
0021700092,2017-10-30,Guerschon Yabusele,2:48,2.8,,,0.0014299999999999,0,Kyrie Irving
0021700138,2017-11-05,Abdel Nader,2:05,2.083333333333333,,,0.00167,0,Jaylen Brown
0021700146,2017-11-06,Abdel Nader,5:14,5.233333333333333,,,0.0,0,Kyrie Irving
0021700170,2017-11-10,Kyrie Irving,1:50,1.8333333333333333,,,0.00333,0,Shane Larkin
0021700215,2017-11-16,Daniel Theis,2:58,2.966666666666667,,,0.0,0,Jaylen Brown
0021700249,2017-11-20,Abdel Nader,3:46,3.7666666666666666,,,0.0025,0,Kyrie Irving
0021700257,2017-11-22,Shane Larkin,6:01,6.016666666666667,,,0.00091,0,Jayson Tatum
0021700423,2017-12-15,Abdel Nader,1:05,1.0833333333333333,,,0.0,0,Shane Larkin
0021700423,2017-12-15,Daniel Theis,0:34,0.5666666666666667,,,0.0,0,Shane Larkin
0021700436,2017-12-16,Abdel Nader,0:28,0.4666666666666667,,,0.0,0,Jayson Tatum
0021700436,2017-12-16,Guerschon Yabusele,0:28,0.4666666666666667,,,0.0,0,Jayson Tatum
0021700468,2017-12-21,Kadeem Allen,0:18,0.3,,,0.0,0,Kyrie Irving
0021700559,2018-01-03,Abdel Nader,2:39,2.65,,,0.0042899999999999,0,Kyrie Irving
0021700559,2018-01-03,Guerschon Yabusele,2:39,2.65,,,0.0014299999999999,0,Kyrie Irving
0021700559,2018-01-03,Shane Larkin,2:39,2.65,,,0.0,0,Kyrie Irving
0021700614,2018-01-11,Abdel Nader,1:47,1.7833333333333332,,,0.0,0,Jayson Tatum
0021700614,2018-01-11,Shane Larkin,9:29,9.483333333333333,,,0.00077,0,Jayson Tatum
0021700663,2018-01-18,Semi Ojeleye,3:12,3.2,,,0.0,0,Marcus Morris
0021700784,2018-02-04,Kadeem Allen,0:21,0.35,,,0.0,0,Al Horford
0021700820,2018-02-09,Abdel Nader,3:19,3.3166666666666664,,,0.0028599999999999,0,Kyrie Irving
0021700998,2018-03-11,Kadeem Allen,0:01,0.0166666666666666,,,0.0,0,Marcus Smart
0021700998,2018-03-11,Semi Ojeleye,8:60,9.0,,,0.00048,0,Marcus Smart
0021701047,2018-03-18,Jabari Bird,3:15,3.25,,,0.00125,0,Jayson Tatum
0021701099,2018-03-25,Kadeem Allen,0:16,0.2666666666666666,,,0.0,0,Terry Rozier
0021701107,2018-03-26,Guerschon Yabusele,0:18,0.3,,,0.0,0,Jayson Tatum
0021701107,2018-03-26,Jabari Bird,0:18,0.3,,,0.0,0,Jayson Tatum
0021701107,2018-03-26,Kadeem Allen,0:18,0.3,,,0.0,0,Jayson Tatum
0021701140,2018-03-31,Jabari Bird,0:11,0.1833333333333333,,,0.0,0,Marcus Morris
0021701140,2018-03-31,Xavier Silas,0:11,0.1833333333333333,,,0.0,0,Marcus Morris
0021701185,2018-04-06,Kadeem Allen,0:25,0.4166666666666667,,,0.0,0,Jaylen Brown
0021701202,2018-04-08,Jonathan Gibson,3:05,3.083333333333333,,,0.00222,0,Jayson Tatum
0021701202,2018-04-08,Kadeem Allen,0:01,0.0166666666666666,,,0.0,0,Jayson Tatum
0021701215,2018-04-10,Jabari Bird,2:59,2.9833333333333334,,,0.00125,0,Jaylen Brown
0021800001,2018-10-16,Brad Wanamaker,0:50,0.8333333333333334,,,0.005,0,Marcus Morris
0021800001,2018-10-16,Semi Ojeleye,1:27,1.45,,,0.0,0,Marcus Morris
0021800115,2018-11-01,Robert Williams III,0:03,0.05,,,0.0,0,Kyrie Irving
0021800319,2018-11-30,Brad Wanamaker,9:06,9.1,,,0.0014299999999999,0,Marcus Smart
0021800383,2018-12-08,Brad Wanamaker,7:16,7.266666666666667,,,0.1858960015147081,0,Daniel Theis
0021800393,2018-12-10,PJ Dozier,1:44,1.7333333333333334,,,0.00333,0,Marcus Morris
0021800458,2018-12-19,Aron Baynes,2:04,2.066666666666667,,,0.004,0,Kyrie Irving
0021800488,2018-12-23,Brad Wanamaker,7:10,7.166666666666667,,,0.00125,0,Kyrie Irving
0021800558,2019-01-02,PJ Dozier,0:14,0.2333333333333333,,,0.0,0,Gordon Hayward
0021800617,2019-01-10,Brad Wanamaker,2:32,2.533333333333333,,,0.006,0,Marcus Smart
0021800617,2019-01-10,Guerschon Yabusele,2:32,2.533333333333333,,,0.004,0,Marcus Smart
0021800617,2019-01-10,Semi Ojeleye,5:32,5.533333333333333,,,0.0,0,Marcus Smart
0021800698,2019-01-21,Semi Ojeleye,5:47,5.783333333333333,,,0.1503675395731528,0,Kyrie Irving
0021800707,2019-01-23,Semi Ojeleye,2:43,2.716666666666667,,,0.0,0,Jaylen Brown
0021800931,2019-03-01,Robert Williams III,0:46,0.7666666666666667,,,0.0,0,Daniel Theis
0021800989,2019-03-09,Brad Wanamaker,1:51,1.85,,,0.2313297605736978,0,Kyrie Irving
0021801006,2019-03-11,Brad Wanamaker,5:19,5.316666666666666,,,0.00267,0,Jaylen Brown
0021801006,2019-03-11,Gordon Hayward,21:57,21.95,,,0.00145,0,Jaylen Brown
0021801006,2019-03-11,Guerschon Yabusele,5:19,5.316666666666666,,,0.002,0,Jaylen Brown
0021801022,2019-03-14,Semi Ojeleye,2:11,2.183333333333333,,,0.0,0,Kyrie Irving
0021801034,2019-03-16,Gordon Hayward,1:08,1.1333333333333333,,,0.0,0,Marcus Smart
0021801100,2019-03-24,Brad Wanamaker,3:22,3.3666666666666667,,,0.1882858865490364,0,Daniel Theis
0021801100,2019-03-24,PJ Dozier,3:22,3.3666666666666667,,,0.1307540878812753,0,Daniel Theis
0021801153,2019-04-01,Semi Ojeleye,5:56,5.933333333333334,,,0.1025839926228178,0,Al Horford
0021801170,2019-04-03,Aron Baynes,24:45,24.75,,,0.0011899999999999,0,Gordon Hayward
0021801170,2019-04-03,Brad Wanamaker,12:58,12.966666666666669,,,0.00067,0,Gordon Hayward
0021801170,2019-04-03,Daniel Theis,3:07,3.1166666666666667,,,0.00125,0,Gordon Hayward
0021900017,2019-10-25,Javonte Green,0:05,0.0833333333333333,,,0.0,0,Jaylen Brown
0021900029,2019-10-26,Brad Wanamaker,3:38,3.633333333333333,,,0.00125,0,Tacko Fall
0021900058,2019-10-30,Javonte Green,0:26,0.4333333333333333,,,0.0,0,Marcus Smart
0021900058,2019-10-30,Romeo Langford,0:14,0.2333333333333333,,,0.0,0,Marcus Smart
0021900098,2019-11-05,Javonte Green,4:56,4.933333333333334,,,0.0,0,Gordon Hayward
0021900127,2019-11-09,Semi Ojeleye,2:23,2.3833333333333333,,,0.002,0,Jaylen Brown
0021900244,2019-11-25,Grant Williams,5:02,5.033333333333333,,,0.00125,0,Marcus Smart
0021900253,2019-11-27,Javonte Green,1:27,1.45,,,0.0025,0,Kemba Walker
0021900285,2019-12-01,Carsen Edwards,6:41,6.683333333333334,,,0.001,0,Enes Freedom
0021900344,2019-12-09,Carsen Edwards,8:24,8.4,,,0.00158,0,Kemba Walker
0021900455,2019-12-25,Tremont Waters,2:59,2.9833333333333334,,,0.00364,0,Jaylen Brown
0021900466,2019-12-27,Tremont Waters,4:55,4.916666666666667,,,0.0025,0,Jayson Tatum
0021900473,2019-12-28,Carsen Edwards,1:53,1.8833333333333333,,,0.00333,0,Kemba Walker
0021900517,2020-01-03,Romeo Langford,4:02,4.033333333333333,,,0.0,0,Daniel Theis
0021900542,2020-01-06,Carsen Edwards,6:05,6.083333333333333,,,0.0014299999999999,0,Grant Williams
0021900554,2020-01-08,Semi Ojeleye,5:26,5.433333333333334,,,0.00357,0,Marcus Smart
0021900593,2020-01-13,Javonte Green,2:00,2.0,,,0.0,0,Marcus Smart
0021900593,2020-01-13,Romeo Langford,2:00,2.0,,,0.0025,0,Marcus Smart
0021900604,2020-01-15,Javonte Green,2:23,2.3833333333333333,,,0.00333,0,Jaylen Brown
0021900648,2020-01-20,Romeo Langford,4:34,4.566666666666666,,,0.00167,0,Enes Freedom
0021900691,2020-01-26,Brad Wanamaker,6:04,6.066666666666666,,,0.00154,0,Kemba Walker
0021900691,2020-01-26,Carsen Edwards,5:51,5.85,,,0.0014299999999999,0,Kemba Walker
0021900732,2020-02-01,Tacko Fall,2:32,2.533333333333333,,,0.00167,0,Brad Wanamaker
0021900756,2020-02-05,Tacko Fall,0:48,0.8,,,0.0,0,Jayson Tatum
0021900756,2020-02-05,Tremont Waters,0:47,0.7833333333333333,,,0.0,0,Jayson Tatum
0021900806,2020-02-11,Romeo Langford,4:19,4.316666666666666,,,0.0,0,Gordon Hayward
0021900818,2020-02-13,Carsen Edwards,0:12,0.2,,,0.0,0,Marcus Smart
0021900830,2020-02-21,Semi Ojeleye,4:30,4.5,,,0.0,0,Daniel Theis
0021900842,2020-02-23,Vincent Poirier,0:01,0.0166666666666666,,,0.0,0,Jayson Tatum
0021900949,2020-03-08,Semi Ojeleye,3:29,3.4833333333333334,,,0.0028599999999999,0,Gordon Hayward
0021901260,2020-08-04,Romeo Langford,3:44,3.733333333333333,,,0.0,0,Jaylen Brown
0022000007,2020-12-25,Carsen Edwards,2:30,2.5,,,0.0014299999999999,0,Tristan Thompson
0022000007,2020-12-25,Javonte Green,3:43,3.716666666666667,,,0.00375,0,Tristan Thompson
0022000007,2020-12-25,Semi Ojeleye,14:17,14.283333333333331,,,0.00263,0,Tristan Thompson
0022000007,2020-12-25,Tremont Waters,2:30,2.5,,,0.0028599999999999,0,Tristan Thompson
0022000233,2021-01-22,Payton Pritchard,2:16,2.2666666666666666,,,0.00167,0,Jaylen Brown
0022000379,2021-02-09,Jeff Teague,2:57,2.95,,,0.0,0,Daniel Theis
0022000398,2021-02-11,Carsen Edwards,5:44,5.733333333333333,,,0.00105,0,Semi Ojeleye
0022000398,2021-02-11,Tacko Fall,2:05,2.083333333333333,,,0.005,0,Semi Ojeleye
0022000398,2021-02-11,Tremont Waters,1:23,1.3833333333333333,,,0.00167,0,Semi Ojeleye
0022000490,2021-02-24,Carsen Edwards,12:13,12.216666666666669,,,0.00308,0,Jeff Teague
0022000598,2021-03-14,Javonte Green,6:45,6.75,,,0.0,0,Robert Williams
0022000620,2021-03-17,Carsen Edwards,3:56,3.9333333333333336,,,0.0,0,Robert Williams
0022000631,2021-03-19,Aaron Nesmith,13:56,13.933333333333334,,,0.0005899999999999,0,Payton Pritchard
0022000658,2021-03-22,Javonte Green,5:07,5.116666666666666,,,0.00091,0,Jeff Teague
0022000658,2021-03-22,Tremont Waters,0:07,0.1166666666666666,,,0.0,0,Jeff Teague
0022000669,2021-03-24,Semi Ojeleye,4:42,4.7,,,0.00077,0,Kemba Walker
0022000685,2021-03-26,Carsen Edwards,2:13,2.216666666666667,,,0.0,0,Robert Williams
0022000699,2021-03-27,Tremont Waters,1:17,1.2833333333333332,,,0.0,0,Payton Pritchard
0022000723,2021-03-31,Aaron Nesmith,3:59,3.983333333333333,,,0.00125,0,Jaylen Brown
0022000738,2021-04-02,Aaron Nesmith,3:50,3.8333333333333335,,,0.00333,0,Robert Williams
0022000738,2021-04-02,Moritz Wagner,3:50,3.8333333333333335,,,0.00111,0,Robert Williams
0022000757,2021-04-04,Tremont Waters,6:18,6.3,,,0.002,0,Marcus Smart
0022000771,2021-04-06,Aaron Nesmith,1:43,1.7166666666666668,,,0.004,0,Tacko Fall
0022000771,2021-04-06,Carsen Edwards,1:43,1.7166666666666668,,,0.0,0,Tacko Fall
0022000771,2021-04-06,Moritz Wagner,4:44,4.733333333333333,,,0.0,0,Tacko Fall
0022000771,2021-04-06,Tremont Waters,1:43,1.7166666666666668,,,0.004,0,Tacko Fall
0022000778,2021-04-07,Payton Pritchard,16:27,16.45,,,0.00122,0,Tristan Thompson
0022000792,2021-04-09,Romeo Langford,4:41,4.683333333333334,,,0.0025,0,Marcus Smart
0022000806,2021-04-11,Aaron Nesmith,1:33,1.55,,,0.00333,0,Marcus Smart
0022000806,2021-04-11,Carsen Edwards,1:33,1.55,,,0.0,0,Marcus Smart
0022000842,2021-04-15,Semi Ojeleye,3:43,3.716666666666667,,,0.0,0,Marcus Smart
0022000869,2021-04-19,Aaron Nesmith,4:22,4.366666666666666,,,0.00125,0,Payton Pritchard
0022000892,2021-04-22,Semi Ojeleye,5:52,5.866666666666667,,,0.00125,0,Tristan Thompson
0022000911,2021-04-25,Luke Kornet,3:25,3.4166666666666665,,,0.0,0,Marcus Smart
0022000911,2021-04-25,Romeo Langford,3:25,3.4166666666666665,,,0.002,0,Marcus Smart
0022000968,2021-05-02,Tremont Waters,0:40,0.6666666666666666,,,0.0,0,Aaron Nesmith
0022000160,2021-05-07,Carsen Edwards,3:02,3.033333333333333,,,0.00375,0,Evan Fournier
0022000160,2021-05-07,Payton Pritchard,11:25,11.416666666666666,,,0.00148,0,Evan Fournier
0022000160,2021-05-07,Romeo Langford,3:02,3.033333333333333,,,0.00125,0,Evan Fournier
0022000160,2021-05-07,Tremont Waters,3:02,3.033333333333333,,,0.00125,0,Evan Fournier
0022001044,2021-05-12,Carsen Edwards,4:36,4.6,,,0.002,0,Payton Pritchard
0022100020,2021-10-22,Aaron Nesmith,3:59,3.983333333333333,,,0.00154,0,Josh Richardson
0022100110,2021-11-03,Bruno Fernando,2:29,2.4833333333333334,,,0.0014299999999999,0,Robert Williams
0022100121,2021-11-04,Jabari Parker,2:27,2.45,,,0.002,0,Aaron Nesmith
0022100121,2021-11-04,Juancho Hernangomez,2:31,2.5166666666666666,,,0.0,0,Aaron Nesmith
0022100215,2021-11-17,Brodric Thomas,1:32,1.5333333333333332,,,0.0,0,Grant Williams
0022100215,2021-11-17,Bruno Fernando,1:32,1.5333333333333332,,,0.0,0,Grant Williams
0022100215,2021-11-17,Juancho Hernangomez,1:32,1.5333333333333332,,,0.0,0,Grant Williams
0022100215,2021-11-17,Payton Pritchard,1:32,1.5333333333333332,,,0.01,0,Grant Williams
0022100243,2021-11-20,Bruno Fernando,0:40,0.6666666666666666,,,0.0,0,Dennis Schroder
0022100243,2021-11-20,Romeo Langford,7:51,7.85,,,0.00063,0,Dennis Schroder
0022100243,2021-11-20,Sam Hauser,0:40,0.6666666666666666,,,0.0025,0,Dennis Schroder
0022100256,2021-11-22,Payton Pritchard,6:04,6.066666666666666,,,0.00263,0,Jaylen Brown
0022100390,2021-12-10,Juancho Hernangomez,5:00,5.0,,,0.0,0,Jayson Tatum
0022100408,2021-12-13,Aaron Nesmith,4:51,4.85,,,0.00167,0,Al Horford
0022100408,2021-12-13,Brodric Thomas,1:52,1.8666666666666667,,,0.0,0,Al Horford
0022100408,2021-12-13,Juancho Hernangomez,1:52,1.8666666666666667,,,0.0025,0,Al Horford
0022100408,2021-12-13,Payton Pritchard,1:52,1.8666666666666667,,,0.0,0,Al Horford
0022100408,2021-12-13,Sam Hauser,1:52,1.8666666666666667,,,0.0025,0,Al Horford
0022100435,2021-12-17,Brodric Thomas,3:44,3.733333333333333,,,0.002,0,Marcus Smart
0022100471,2021-12-22,CJ Miles,1:57,1.95,,,0.0,0,Robert Williams
0022100471,2021-12-22,Justin Jackson,1:57,1.95,,,0.004,0,Robert Williams
0022100595,2022-01-08,Romeo Langford,1:30,1.5,,,0.00333,0,Jaylen Brown
0022100618,2022-01-12,Brodric Thomas,3:06,3.1,,,0.00333,0,Jayson Tatum
0022100618,2022-01-12,Bruno Fernando,3:06,3.1,,,0.00222,0,Jayson Tatum
0022100635,2022-01-14,Brodric Thomas,2:43,2.716666666666667,,,0.0014299999999999,0,Payton Pritchard
0022100654,2022-01-17,Payton Pritchard,10:45,10.75,,,0.0008,0,Jaylen Brown
0022100688,2022-01-21,Enes Freedom,2:36,2.6,,,0.00125,0,Romeo Langford
0022100699,2022-01-23,Payton Pritchard,3:55,3.9166666666666665,,,0.003,0,Jayson Tatum
0022100699,2022-01-23,Romeo Langford,7:55,7.916666666666667,,,0.00105,0,Jayson Tatum
0022100737,2022-01-28,Payton Pritchard,2:56,2.9333333333333336,,,0.00364,0,Marcus Smart
0022100745,2022-01-29,Aaron Nesmith,6:08,6.133333333333334,,,0.00214,0,Robert Williams
0022100745,2022-01-29,Payton Pritchard,2:07,2.1166666666666667,,,0.002,0,Robert Williams
0022100745,2022-01-29,Romeo Langford,1:05,1.0833333333333333,,,0.0,0,Robert Williams
0022100745,2022-01-29,Sam Hauser,2:07,2.1166666666666667,,,0.002,0,Robert Williams
0022100762,2022-01-31,Enes Freedom,2:30,2.5,,,0.002,0,Grant WIlliams
0022100762,2022-01-31,Payton Pritchard,5:03,5.05,,,0.00077,0,Grant WIlliams
0022100762,2022-01-31,Sam Hauser,4:38,4.633333333333333,,,0.00083,0,Grant WIlliams
0022100806,2022-02-06,Payton Pritchard,5:01,5.016666666666667,,,0.003,0,Al Horford
0022100890,2022-02-24,Sam Hauser,5:32,5.533333333333333,,,0.00154,0,Al Horford
0022100914,2022-02-27,Malik Fitts,2:54,2.9,,,0.0014299999999999,0,Payton Pritchard
0022100981,2022-03-09,Kelan Martin,1:05,1.0833333333333333,,,0.0,0,Derrick White
0022100981,2022-03-09,Nik Stauskas,1:05,1.0833333333333333,,,0.00333,0,Derrick White
0022100981,2022-03-09,Sam Hauser,1:05,1.0833333333333333,,,0.0,0,Derrick White
0022100997,2022-03-11,Nik Stauskas,1:41,1.6833333333333331,,,0.002,0,Marcus Smart
0022100997,2022-03-11,Sam Hauser,1:41,1.6833333333333331,,,0.0,0,Marcus Smart
0022101042,2022-03-16,Nik Stauskas,2:36,2.6,,,0.0025,0,Marcus Smart
0022101042,2022-03-16,Sam Hauser,2:36,2.6,,,0.0025,0,Marcus Smart
0022101057,2022-03-18,Malik Fitts,1:57,1.95,,,0.002,0,Jaylen Brown
0022101057,2022-03-18,Nik Stauskas,1:57,1.95,,,0.0,0,Jaylen Brown
0022101068,2022-03-20,Malik Fitts,1:57,1.95,,,0.002,0,Jayson Tatum
0022101087,2022-03-23,Aaron Nesmith,4:47,4.783333333333333,,,0.00077,0,Robert Williams
0022101087,2022-03-23,Sam Hauser,4:47,4.783333333333333,,,0.00154,0,Robert Williams
0022101116,2022-03-27,Sam Hauser,3:49,3.8166666666666655,,,0.0028599999999999,0,Payton Pritchard
0022101166,2022-04-03,Juwan Morgan,3:36,3.6,,,0.0,0,Grant WIlliams
0022101193,2022-04-06,Brodric Thomas,4:08,4.133333333333334,,,0.002,0,Al Horford
0022200001,2022-10-18,Sam Hauser,3:19,3.3166666666666664,,,0.0,0,Malcolm Brogdon
0022200030,2022-10-22,Payton Pritchard,3:41,3.6833333333333336,,,0.0025,0,Derrick White
0022200047,2022-10-24,Justin Jackson,5:27,5.45,,,0.0017599999999999,0,Marcus Smart
0022200047,2022-10-24,Payton Pritchard,5:27,5.45,,,0.0023499999999999,0,Marcus Smart
0022200089,2022-10-30,Noah Vonleh,5:13,5.216666666666667,,,0.002,0,Malcolm Brogdon
0022200176,2022-11-11,JD Davison,2:02,2.033333333333333,,,0.0,0,Luke Kornet
0022200176,2022-11-11,Noah Vonleh,2:24,2.4,,,0.0,0,Luke Kornet
0022200214,2022-11-16,JD Davison,3:32,3.533333333333333,,,0.00375,0,Sam Hauser
0022200231,2022-11-18,Payton Pritchard,4:47,4.783333333333333,,,0.00083,0,Al Horford
0022200264,2022-11-23,Justin Jackson,1:36,1.6,,,0.0,0,Marcus Smart
0022200264,2022-11-23,Payton Pritchard,1:38,1.6333333333333333,,,0.00333,0,Marcus Smart
0022200294,2022-11-27,Noah Vonleh,2:04,2.066666666666667,,,0.0,0,Malcolm Brogdon
0022200328,2022-12-02,Sam Hauser,9:33,9.55,,,0.00154,0,Grant Williams
0022200346,2022-12-04,Justin Jackson,1:43,1.7166666666666668,,,0.0,0,Malcolm Brogdon
0022200346,2022-12-04,Luke Kornet,2:32,2.533333333333333,,,0.0028599999999999,0,Malcolm Brogdon
0022200346,2022-12-04,Noah Vonleh,1:43,1.7166666666666668,,,0.0,0,Malcolm Brogdon
0022200392,2022-12-10,Justin Jackson,1:52,1.8666666666666667,,,0.0,0,Jaylen Brown
0022200482,2022-12-23,Payton Pritchard,0:57,0.95,,,0.0,0,Marcus Smart
0022200507,2022-12-27,Justin Jackson,2:40,2.6666666666666665,,,0.00167,0,Robert Williams
0022200549,2023-01-01,Justin Jackson,2:05,2.083333333333333,,,0.002,0,Al Horford
0022200549,2023-01-01,Luke Kornet,2:05,2.083333333333333,,,0.004,0,Al Horford
0022200549,2023-01-01,Noah Vonleh,2:05,2.083333333333333,,,0.0,0,Al Horford
0022200549,2023-01-01,Payton Pritchard,2:05,2.083333333333333,,,0.004,0,Al Horford
0022200577,2023-01-05,Blake Griffin,2:43,2.716666666666667,,,0.0,0,Grant Williams
0022200606,2023-01-09,Payton Pritchard,3:38,3.633333333333333,,,0.0,0,Grant Williams
0022200621,2023-01-11,Justin Jackson,2:43,2.716666666666667,,,0.00125,0,Malcolm Brogdon
0022200642,2023-01-14,Derrick White,4:05,4.083333333333333,,,0.00444,0,Malcolm Brogdon
0022200642,2023-01-14,JD Davison,1:44,1.7333333333333334,,,0.0025,0,Malcolm Brogdon
0022200707,2023-01-23,JD Davison,1:25,1.4166666666666667,,,0.0,0,Sam Hauser
0022200707,2023-01-23,Justin Jackson,1:25,1.4166666666666667,,,0.0,0,Sam Hauser
0022200749,2023-01-28,Sam Hauser,5:14,5.233333333333333,,,0.0,0,Jaylen Brown
0022200788,2023-02-03,Justin Jackson,0:45,0.75,,,0.0,0,Derrick White
0022200788,2023-02-03,Sam Hauser,1:03,1.05,,,0.0,0,Derrick White
0022200869,2023-02-14,Luke Kornet,1:36,1.6,,,0.0,0,Blake Griffin
0022200877,2023-02-15,JD Davison,2:07,2.1166666666666667,,,0.0042899999999999,0,Marcus Smart
0022200908,2023-02-25,Sam Hauser,1:54,1.9,,,0.0,0,Derrick White
0022200921,2023-02-27,Payton Pritchard,2:00,2.0,,,0.0025,0,Malcolm Brogdon
0022201053,2023-03-17,JD Davison,0:43,0.7166666666666667,,,0.0,0,Blake Griffin
0022201081,2023-03-21,Mike Muscala,2:50,2.833333333333333,,,0.0,0,Derrick White
0022201081,2023-03-21,Sam Hauser,2:50,2.833333333333333,,,0.00333,0,Derrick White
0022201181,2023-04-04,Sam Hauser,3:15,3.25,,,0.001,0,Derrick White
0022201206,2023-04-07,JD Davison,3:32,3.533333333333333,,,0.0,0,Payton Pritchard
0022201206,2023-04-07,Justin Champagnie,3:32,3.533333333333333,,,0.0,0,Payton Pritchard
0022300174,2023-11-11,Svi Mykhailiuk,4:47,4.783333333333333,,,0.00333,0,Jaylen Brown
0022300213,2023-11-19,Lamar Stevens,2:41,2.6833333333333336,,,0.0,0,Kristaps Porzingis
0022300043,2023-11-24,Dalano Banton,0:32,0.5333333333333333,,,0.01,0,Jayson Tatum
0022300043,2023-11-24,Lamar Stevens,0:32,0.5333333333333333,,,0.0,0,Jayson Tatum
0022300053,2023-11-28,Svi Mykhailiuk,1:52,1.8666666666666667,,,0.0,0,Al Horford
0022300329,2023-12-15,Svi Mykhailiuk,5:28,5.466666666666667,,,0.00083,0,Payton Pritchard
0022300373,2023-12-20,Lamar Stevens,2:20,2.333333333333333,,,0.002,0,Jrue Holiday
0022300389,2023-12-23,JD Davison,2:33,2.55,,,0.002,0,Neemias Queta
0022300389,2023-12-23,Lamar Stevens,5:05,5.083333333333333,,,0.0025,0,Neemias Queta
0022300432,2023-12-29,Svi Mykhailiuk,7:14,7.233333333333333,,,0.0017599999999999,0,Luke Kornet
0022300448,2023-12-31,Lamar Stevens,7:04,7.066666666666666,,,0.00056,0,Jayson Tatum
0022300479,2024-01-05,Neemias Queta,3:45,3.75,,,0.00125,0,Jrue Holiday
0022300493,2024-01-06,Dalano Banton,1:06,1.1,,,0.0,0,Al Horford
0022300493,2024-01-06,Svi Mykhailiuk,1:06,1.1,,,0.0,0,Al Horford
0022300542,2024-01-13,Payton Pritchard,22:35,22.58333333333333,,,0.00224,0,Jaylen Brown
0022300797,2024-02-22,Jaden Springer,2:14,2.2333333333333334,,,0.002,0,Derrick White
0022300797,2024-02-22,Oshae Brissett,2:14,2.2333333333333334,,,0.0,0,Derrick White
0022300797,2024-02-22,Payton Pritchard,19:51,19.85,,,0.00167,0,Derrick White
0022300797,2024-02-22,Svi Mykhailiuk,2:14,2.2333333333333334,,,0.002,0,Derrick White
0022300816,2024-02-24,Payton Pritchard,15:18,15.3,,,0.00111,0,Jaylen Brown
0022400487,2025-01-05,Payton Pritchard,10:53,10.883333333333333,,,0.002,0,Kristaps Porzingis
0022400946,2025-03-12,Sam Hauser,11:03,11.05,,,0.0015199999999999,0,Al Horford
0022500216,2025-11-12,Payton Pritchard,30:22,30.366666666666667,,,0.00215,0,Luka Garza
0022500250,2025-11-18,Jordan Walsh,11:13,11.216666666666669,,,0.0008,0,Derrick White
0022500250,2025-11-18,Xavier Tillman,4:47,4.783333333333333,,,0.0,0,Derrick White
0022500358,2025-12-07,Anfernee Simons,20:39,20.65,,,0.0028599999999999,0,Derrick White
0022500358,2025-12-07,Hugo González,2:26,2.4333333333333336,,,0.0028599999999999,0,Derrick White
0022500017,2026-01-19,Hugo González,1:47,1.7833333333333332,,,0.0,0,Jaylen Brown
0022500017,2026-01-19,Payton Pritchard,33:39,33.65,,,0.00164,0,Jaylen Brown
0022500017,2026-01-19,Xavier Tillman,1:36,1.6,,,0.0025,0,Jaylen Brown
0022501126,2026-04-03,Amari Williams,,0.0,,,0.0,0,Neemias Queta
0022501126,2026-04-03,John Tonje,,0.0,,,0.0,0,Neemias Queta
0022501126,2026-04-03,Max Shulga,,0.0,,,0.0,0,Neemias Queta
0022501126,2026-04-03,Payton Pritchard,26:29,26.48333333333333,,,0.00217,0,Neemias Queta
0022300507,,Dalano Banton,3:56,3.9333333333333336,,,0.00077,0,Jaylen Brown
0022300507,,Svi Mykhailiuk,4:50,4.833333333333333,,,0.00231,0,Jaylen Brown
0022300571,,JD Davison,3:03,3.05,,,0.001,0,Payton Pritchard
0022300571,,Jordan Walsh,3:03,3.05,,,0.001,0,Payton Pritchard
0022300571,,Svi Mykhailiuk,3:54,3.9,,,0.00167,0,Payton Pritchard
0022300630,,Svi Mykhailiuk,3:14,3.2333333333333334,,,0.00333,0,Jaylen Brown
0022300670,,Oshae Brissett,5:42,5.7,,,0.0,0,Neemias Queta
0022300684,,Dalano Banton,2:01,2.0166666666666666,,,0.00167,0,Jayson Tatum
0022300706,,Svi Mykhailiuk,6:56,6.933333333333334,,,0.00278,0,Kristaps Porzingis
0022300759,,Oshae Brissett,2:05,2.083333333333333,,,0.0,0,Jayson Tatum
0022300836,,Jaden Springer,2:04,2.066666666666667,,,0.002,0,Derrick White
0022300859,,Jaden Springer,1:55,1.9166666666666663,,,0.0028599999999999,0,Xavier Tillman
0022300920,,Jaden Springer,0:22,0.3666666666666666,,,0.0,0,Luke Kornet
0022300938,,JD Davison,1:54,1.9,,,0.002,0,Payton Pritchard
0022300943,,JD Davison,0:46,0.7666666666666667,,,0.0,0,Luke Kornet
0022300943,,Jaden Springer,0:46,0.7666666666666667,,,0.0,0,Luke Kornet
0022300943,,Svi Mykhailiuk,0:43,0.7166666666666667,,,0.0,0,Luke Kornet
0022300998,,Svi Mykhailiuk,5:07,5.116666666666666,,,0.00111,0,Payton Pritchard
0022301011,,JD Davison,2:48,2.8,,,0.00167,0,Derrick White
0022301011,,Jaden Springer,2:48,2.8,,,0.0,0,Derrick White
0022301011,,Jordan Walsh,2:48,2.8,,,0.00333,0,Derrick White
0022301023,,Jaden Springer,0:04,0.0666666666666666,,,0.0,0,Luke Kornet
0022301087,,Svi Mykhailiuk,1:24,1.4,,,0.0,0,Derrick White
0022301105,,Oshae Brissett,3:29,3.4833333333333334,,,0.00125,0,Kristaps Porzingis
0022301118,,Jordan Walsh,6:26,6.433333333333334,,,0.00067,0,Payton Pritchard
0022301118,,Oshae Brissett,6:42,6.7,,,0.00167,0,Payton Pritchard
0022301227,,Dalano Banton,0:21,0.35,,,0.0,0,Derrick White
0022301227,,Oshae Brissett,0:21,0.35,,,0.0,0,Derrick White
0022400061,,Neemias Queta,4:20,4.333333333333333,,,0.0,0,Jayson Tatum
0022400073,,JD Davison,8:04,8.066666666666666,,,0.002,0,Neemias Queta
0022400104,,Baylor Scheierman,1:36,1.6,,,0.0,0,Payton Pritchard
0022400104,,Neemias Queta,1:49,1.8166666666666669,,,0.002,0,Payton Pritchard
0022400119,,Jordan Walsh,7:58,7.966666666666667,,,0.0,0,Neemias Queta
0022400132,,JD Davison,0:34,0.5666666666666667,,,0.0,0,Jayson Tatum
0022400132,,Jaden Springer,0:34,0.5666666666666667,,,0.0,0,Jayson Tatum
0022400202,,Xavier Tillman,0:14,0.2333333333333333,,,0.0,0,Derrick White
0022400218,,Drew Peterson,1:44,1.7333333333333334,,,0.0,0,Payton Pritchard
0022400218,,Xavier Tillman,1:44,1.7333333333333334,,,0.0,0,Payton Pritchard
0022400281,,Xavier Tillman,4:33,4.55,,,0.0,0,Neemias Queta
0022400307,,Jaden Springer,0:06,0.1,,,0.0,0,Payton Pritchard
0022400316,,JD Davison,2:35,2.583333333333333,,,0.0,0,Luke Kornet
0022400319,,Jordan Walsh,6:39,6.65,,,0.00125,0,Luke Kornet
0022400363,,Jordan Walsh,0:19,0.3166666666666666,,,0.005,0,Derrick White
0022400363,,Luke Kornet,0:19,0.3166666666666666,,,0.0,0,Derrick White
0022400363,,Neemias Queta,0:19,0.3166666666666666,,,0.0,0,Derrick White
0022400381,,Jaden Springer,3:27,3.45,,,0.00111,0,Jayson Tatum
0022400407,,Jordan Walsh,0:55,0.9166666666666666,,,0.0,0,Al Horford
0022400437,,Jaden Springer,2:25,2.4166666666666665,,,0.0025,0,Jaylen Brown
0022400507,,Jaden Springer,1:01,1.0166666666666666,,,0.0,0,Jrue Holiday
0022400528,,Jaden Springer,2:08,2.1333333333333333,,,0.0,0,Kristaps Porzingis
0022400528,,Xavier Tillman,2:08,2.1333333333333333,,,0.00167,0,Kristaps Porzingis
0022400562,,Jaden Springer,1:23,1.3833333333333333,,,0.0025,0,Payton Pritchard
0022400562,,Jordan Walsh,1:22,1.3666666666666667,,,0.0,0,Payton Pritchard
0022400562,,Neemias Queta,1:22,1.3666666666666667,,,0.0,0,Payton Pritchard
0022400562,,Xavier Tillman,1:22,1.3666666666666667,,,0.0,0,Payton Pritchard
0022400577,,Jaden Springer,2:12,2.2,,,0.0,0,Kristaps Porzingis
0022400604,,Jaden Springer,6:22,6.366666666666666,,,0.0007099999999999,0,Payton Pritchard
0022400620,,Jordan Walsh,9:22,9.366666666666667,,,0.00043,0,Jaden Springer
0022400629,,Baylor Scheierman,6:28,6.466666666666667,,,0.00077,0,Kristaps Porzingis
0022400629,,Jaden Springer,8:53,8.883333333333333,,,0.00278,0,Kristaps Porzingis
0022400635,,Jordan Walsh,1:33,1.55,,,0.01,0,Derrick White
0022400650,,Xavier Tillman,5:46,5.766666666666667,,,0.00308,0,Luke Kornet
0022400666,,Drew Peterson,5:01,5.016666666666667,,,0.001,0,Jaylen Brown
0022400666,,Jordan Walsh,1:43,1.7166666666666668,,,0.0,0,Jaylen Brown
0022400683,,Jaden Springer,0:02,0.0333333333333333,,,0.0,0,Kristaps Porzingis
0022400748,,Xavier Tillman,5:55,5.916666666666667,,,0.00083,0,Luke Kornet
0022400769,,Baylor Scheierman,4:50,4.833333333333333,,,0.0,0,Derrick White
0022400769,,Jordan Walsh,0:26,0.4333333333333333,,,0.0,0,Derrick White
0022400769,,Neemias Queta,0:26,0.4333333333333333,,,0.0,0,Derrick White
0022400789,,Baylor Scheierman,0:35,0.5833333333333334,,,0.0,0,Jayson Tatum
0022400789,,Jordan Walsh,4:50,4.833333333333333,,,0.0,0,Jayson Tatum
0022400836,,Baylor Scheierman,4:40,4.666666666666667,,,0.00182,0,Derrick White
0022400852,,Drew Peterson,1:27,1.45,,,0.0,0,Jayson Tatum
0022400891,,Drew Peterson,0:12,0.2,,,0.0,0,Payton Pritchard
0022400891,,JD Davison,0:12,0.2,,,0.0,0,Payton Pritchard
0022401020,,Jordan Walsh,2:12,2.2,,,0.00333,0,Derrick White
0022401020,,Torrey Craig,0:39,0.65,,,0.0,0,Derrick White
0022401044,,Drew Peterson,1:12,1.2,,,0.0,0,Baylor Scheierman
0022401044,,JD Davison,1:12,1.2,,,0.0025,0,Baylor Scheierman
0022401044,,Jordan Walsh,1:12,1.2,,,0.0025,0,Baylor Scheierman
0022401120,,Drew Peterson,1:53,1.8833333333333333,,,0.0014299999999999,0,Derrick White
0022401120,,Jordan Walsh,1:53,1.8833333333333333,,,0.0014299999999999,0,Derrick White
0022401120,,Neemias Queta,1:53,1.8833333333333333,,,0.0014299999999999,0,Derrick White
0022401205,,JD Davison,6:32,6.533333333333333,,,0.00214,0,Payton Pritchard
0022401205,,Xavier Tillman,3:53,3.883333333333333,,,0.00111,0,Payton Pritchard
0022401217,,Jaden Springer,2:22,2.3666666666666667,,,0.0028599999999999,0,Luke Kornet
0022401217,,Jordan Walsh,2:22,2.3666666666666667,,,0.0014299999999999,0,Luke Kornet
0022500018,,Amari Williams,0:40,0.6666666666666666,,,0.0,0,Hugo Gonzalez
0022500018,,Baylor Scheierman,4:12,4.2,,,0.0,0,Hugo Gonzalez
0022500117,,Chris Boucher,3:01,3.0166666666666666,,,0.002,0,Josh Minott
0022500117,,Ron Harper Jr.,1:24,1.4,,,0.0,0,Josh Minott
0022500128,,Jordan Walsh,1:28,1.4666666666666668,,,0.0,0,Josh Minott
0022500146,,Ron Harper Jr.,9:49,9.816666666666666,,,0.00185,0,Baylor Scheierman
0022500158,,Chris Boucher,7:16,7.266666666666667,,,0.00214,0,Jaylen Brown
0022500233,,Sam Hauser,6:45,6.75,,,0.00222,0,Jaylen Brown
0022500320,,Amari Williams,0:06,0.1,,,0.0,0,Jordan Walsh
0022500334,,Xavier Tillman,4:43,4.716666666666667,,,0.00083,0,Jordan Walsh
0022500338,,Amari Williams,2:20,2.333333333333333,,,0.0,0,Jordan Walsh
0022500493,,Baylor Scheierman,3:10,3.1666666666666665,,,0.00111,0,Jordan Walsh
0022500520,,Baylor Scheierman,4:07,4.116666666666666,,,0.0007099999999999,0,Neemias Queta
0022500594,,Ron Harper Jr.,5:46,5.766666666666667,,,0.0017599999999999,0,Sam Hauser
0022500621,,Ron Harper Jr.,2:26,2.4333333333333336,,,0.004,0,Sam Hauser
0022500728,,Max Shulga,1:41,1.6833333333333331,,,0.002,0,Ron Harper Jr.
0022500728,,Xavier Tillman,1:41,1.6833333333333331,,,0.002,0,Ron Harper Jr.
0022500823,,Amari Williams,1:26,1.4333333333333331,,,0.0,0,Payton Pritchard
0022500823,,Luka Garza,1:26,1.4333333333333331,,,0.0,0,Payton Pritchard
0022500839,,Dalano Banton,3:56,3.9333333333333336,,,0.0,0,Baylor Scheierman
0022500839,,John Tonje,3:56,3.9333333333333336,,,0.00111,0,Baylor Scheierman
0022500880,,Amari Williams,1:52,1.8666666666666667,,,0.0025,0,Hugo Gonzalez
0022500880,,John Tonje,1:52,1.8666666666666667,,,0.0,0,Hugo Gonzalez
0022500894,,Ron Harper Jr.,7:02,7.033333333333333,,,0.00154,0,Derrick White
0022500908,,Amari Williams,2:42,2.7,,,0.0,0,Jayson Tatum
0022500942,,Amari Williams,0:57,0.95,,,0.0,0,Ron Harper Jr.
0022500942,,Jordan Walsh,1:10,1.1666666666666667,,,0.00333,0,Ron Harper Jr.
0022500942,,Max Shulga,0:57,0.95,,,0.0,0,Ron Harper Jr.
0022500971,,Amari Williams,1:33,1.55,,,0.004,0,Jayson Tatum
0022500971,,Max Shulga,1:33,1.55,,,0.0,0,Jayson Tatum
0022500971,,Ron Harper Jr.,1:33,1.55,,,0.002,0,Jayson Tatum
0022500999,,Charles Bassey,2:14,2.2333333333333334,,,0.00167,0,Luka Garza
0022501019,,Ron Harper Jr.,0:07,0.1166666666666666,,,0.0,0,Luka Garza
0022501054,,Amari Williams,,0.0,,,0.0,0,Baylor Scheierman
0022501054,,Charles Bassey,,0.0,,,0.0,0,Baylor Scheierman
0022501054,,Jordan Walsh,,0.0,,,0.0,0,Baylor Scheierman
0022501054,,Max Shulga,,0.0,,,0.0,0,Baylor Scheierman
0022501054,,Ron Harper Jr.,,0.0,,,0.0,0,Baylor Scheierman
0022501067,,Amari Williams,,0.0,,,0.0,0,Payton Pritchard
0022501067,,Charles Bassey,,0.0,,,0.0,0,Payton Pritchard
0022501067,,Hugo González,7:22,7.366666666666666,,,0.00063,0,Payton Pritchard
0022501067,,Max Shulga,,0.0,,,0.0,0,Payton Pritchard
0022501067,,Ron Harper Jr.,,0.0,,,0.0,0,Payton Pritchard
0022501092,,John Tonje,0:17,0.2833333333333333,,,0.0,0,Luka Garza
0022501092,,Max Shulga,0:17,0.2833333333333333,,,0.0,0,Luka Garza
0022501092,,Neemias Queta,,0.0,,,0.0,0,Luka Garza
0022501106,,Amari Williams,,0.0,,,0.0,0,Jayson Tatum
0022501106,,Charles Bassey,,0.0,,,0.0,0,Jayson Tatum
0022501106,,Hugo González,0:08,0.1333333333333333,,,0.0,0,Jayson Tatum
0022501106,,John Tonje,,0.0,,,0.0,0,Jayson Tatum
0022501106,,Max Shulga,0:08,0.1333333333333333,,,0.0,0,Jayson Tatum
0022501106,,Ron Harper Jr.,,0.0,,,0.0,0,Jayson Tatum
0022501132,,Amari Williams,,0.0,,,0.0,0,Neemias Queta
0022501132,,Hugo González,1:08,1.1333333333333333,,,0.0,0,Neemias Queta
0022501132,,John Tonje,,0.0,,,0.0,0,Neemias Queta
0022501132,,Luka Garza,,0.0,,,0.0,0,Neemias Queta
0022501132,,Max Shulga,,0.0,,,0.0,0,Neemias Queta
0022501132,,Ron Harper Jr.,1:08,1.1333333333333333,,,0.0,0,Neemias Queta
0022501149,,Amari Williams,,0.0,,,0.0,0,Neemias Queta
0022501149,,Hugo González,,0.0,,,0.0,0,Neemias Queta
0022501149,,John Tonje,,0.0,,,0.0,0,Neemias Queta
0022501149,,Luka Garza,,0.0,,,0.0,0,Neemias Queta
0022501149,,Max Shulga,,0.0,,,0.0,0,Neemias Queta
0022501149,,Ron Harper Jr.,,0.0,,,0.0,0,Neemias Queta
0022501168,,Amari Williams,,0.0,,,0.0,0,Baylor Scheierman
0022501168,,Hugo González,,0.0,,,0.0,0,Baylor Scheierman
0022501168,,John Tonje,,0.0,,,0.0,0,Baylor Scheierman
0022501168,,Luka Garza,,0.0,,,0.0,0,Baylor Scheierman
0022501168,,Max Shulga,,0.0,,,0.0,0,Baylor Scheierman
0022501168,,Ron Harper Jr.,,0.0,,,0.0,0,Baylor Scheierman
0022501174,,Amari Williams,,0.0,,,0.0,0,Sam Hauser
0022501174,,John Tonje,,0.0,,,0.0,0,Sam Hauser
