team,player_name,predicted_wins,2024-25,2025-26,total_minutes,steals_total,blocks_total,deflections_total,charges_drawn_total,hustle_events_total,hustle_events_per_36
Denver Nuggets,Nikola Jokić,100.0,50.0,50.0,4835.666666666667,219,98,444.0,1.0,762.0,5.672847590818225
Milwaukee Bucks,Giannis Antetokounmpo,78.0,49.0,29.0,3327.85,92,102,173.0,0.0,367.0,3.970130865273375
San Antonio Spurs,Victor Wembanyama,70.0,29.0,41.0,3392.9166666666665,118,373,323.0,11.0,825.0,8.753530639813338
Oklahoma City Thunder,Shai Gilgeous-Alexander,67.0,33.0,34.0,4856.6,226,129,409.0,2.0,766.0,5.678046369888398
Detroit Pistons,Jalen Duren,60.0,22.0,38.0,4009.4333333333334,111,148,215.0,0.0,474.0,4.255963020543219
New York Knicks,Karl-Anthony Towns,57.0,31.0,26.0,4838.5,136,90,303.0,2.0,531.0,3.950811201818745
Houston Rockets,Alperen Sengun,54.0,31.0,23.0,4792.766666666666,169,138,348.0,13.0,668.0,5.017561185953833
Phoenix Suns,Devin Booker,51.0,29.0,22.0,4941.45,118,34,202.0,4.0,358.0,2.608141335033239
LA Clippers,Ivica Zubac,50.0,39.0,11.0,3952.7166666666667,71,126,131.0,0.0,328.0,2.987312523454333
Philadelphia 76ers,Tyrese Maxey,49.0,22.0,27.0,4621.433333333333,221,76,386.0,4.0,687.0,5.351586448648687
Los Angeles Lakers,Luka Dončić,48.0,10.0,38.0,3272.6666666666665,150,46,290.0,16.0,502.0,5.522102261152984
New Orleans Pelicans,Zion Williamson,47.0,18.0,29.0,2698.35,97,61,202.0,1.0,361.0,4.8162766134860195
Detroit Pistons,Cade Cunningham,44.0,24.0,20.0,4623.666666666667,163,107,303.0,2.0,575.0,4.476966332636436
Golden State Warriors,Stephen Curry,43.0,26.0,17.0,3581.2,129,47,263.0,9.0,448.0,4.503518373729477
Minnesota Timberwolves,Rudy Gobert,40.0,19.0,21.0,4768.55,114,228,264.0,2.0,608.0,4.590074550964129
Sacramento Kings,Domantas Sabonis,40.0,35.0,5.0,2992.5,66,30,155.0,0.0,251.0,3.0195488721804513
Toronto Raptors,Scottie Barnes,39.0,14.0,25.0,4814.916666666667,207,179,401.0,1.0,788.0,5.891690752695616
New York Knicks,Jalen Brunson,39.0,19.0,20.0,4890.633333333333,117,16,206.0,49.0,388.0,2.856071810740259
Chicago Bulls,Nikola Vučević,39.0,25.0,14.0,3758.583333333333,93,83,191.0,0.0,367.0,3.5151542026029317
Cleveland Cavaliers,Evan Mobley,38.0,19.0,19.0,4240.916666666667,109,226,238.0,0.0,573.0,4.8640427580515215
Cleveland Cavaliers,Jarrett Allen,38.0,23.0,15.0,3815.2666666666664,132,120,280.0,3.0,535.0,5.048139929056948
Memphis Grizzlies,Jaren Jackson Jr.,37.0,24.0,13.0,3589.483333333333,139,181,305.0,1.0,626.0,6.2783408940005305
Minnesota Timberwolves,Anthony Edwards,37.0,23.0,14.0,5007.65,174,100,305.0,0.0,579.0,4.162431479835852
Indiana Pacers,Pascal Siakam,35.0,17.0,18.0,4604.533333333334,139,67,299.0,0.0,505.0,3.9482828516823996
Los Angeles Lakers,LeBron James,35.0,21.0,14.0,4433.5,142,74,240.0,9.0,465.0,3.7757979023344985
Portland Trail Blazers,Donovan Clingan,33.0,9.0,24.0,3417.383333333333,78,240,156.0,1.0,475.0,5.003828465248754
Miami Heat,Bam Adebayo,31.0,16.0,15.0,5038.45,184,102,412.0,2.0,700.0,5.001538171461462
Chicago Bulls,Josh Giddey,31.0,16.0,15.0,3847.983333333333,139,72,255.0,2.0,468.0,4.378397342330832
Sacramento Kings,DeMar DeRozan,31.0,13.0,18.0,5173.166666666667,142,55,256.0,8.0,461.0,3.2080930442346727
New Orleans Pelicans,Trey Murphy III,30.0,14.0,16.0,4194.85,155,63,309.0,0.0,527.0,4.5226885347509445
Orlando Magic,Paolo Banchero,30.0,15.0,15.0,4083.2166666666667,87,68,148.0,1.0,304.0,2.680239843587368
Atlanta Hawks,Trae Young,30.0,27.0,3.0,3019.1833333333334,101,13,166.0,5.0,285.0,3.39826995158735
Houston Rockets,Amen Thompson,29.0,15.0,14.0,5178.633333333333,216,137,413.0,4.0,770.0,5.352763599147781
LA Clippers,James Harden,29.0,16.0,13.0,4348.316666666667,175,71,291.0,2.0,539.0,4.462416490672636
Miami Heat,Kel'el Ware,28.0,7.0,21.0,3126.3166666666666,98,155,177.0,0.0,430.0,4.951513762201525
Oklahoma City Thunder,Chet Holmgren,28.0,8.0,20.0,2873.8166666666666,66,202,117.0,1.0,386.0,4.835381519349994
Toronto Raptors,Jakob Poeltl,27.0,21.0,6.0,2834.866666666667,106,103,270.0,3.0,482.0,6.120922794722856
Charlotte Hornets,LaMelo Ball,27.0,11.0,16.0,3521.9666666666667,141,30,282.0,0.0,453.0,4.63036750300495
Atlanta Hawks,Onyeka Okongwu,26.0,13.0,13.0,4360.916666666667,151,147,315.0,2.0,615.0,5.076914257323574
Cleveland Cavaliers,Donovan Mitchell,26.0,10.0,16.0,4574.116666666667,199,37,367.0,3.0,606.0,4.769445466702131
Portland Trail Blazers,Deni Avdija,26.0,12.0,14.0,4360.533333333333,122,76,226.0,0.0,424.0,3.500489236790607
Charlotte Hornets,Miles Bridges,26.0,14.0,12.0,4415.966666666666,90,79,193.0,2.0,364.0,2.96741370330392
Utah Jazz,Lauri Markkanen,26.0,11.0,15.0,2918.4666666666667,75,38,145.0,0.0,258.0,3.182493089978756
Atlanta Hawks,Dyson Daniels,25.0,11.0,14.0,5090.766666666666,378,86,762.0,3.0,1229.0,8.69102885616443
Miami Heat,Tyler Herro,25.0,18.0,7.0,3757.7833333333333,92,29,165.0,0.0,286.0,2.7399131580231257
Atlanta Hawks,Jalen Johnson,24.0,6.0,18.0,3815.7666666666664,145,67,267.0,2.0,481.0,4.53801333065439
Washington Wizards,Alex Sarr,24.0,10.0,14.0,3118.866666666667,83,196,172.0,0.0,451.0,5.2057371267340695
Los Angeles Lakers,Austin Reaves,23.0,14.0,9.0,4311.816666666667,137,42,244.0,37.0,460.0,3.840608560196978
Dallas Mavericks,Daniel Gafford,23.0,15.0,8.0,2420.6,65,171,183.0,4.0,423.0,6.291002230851855
Denver Nuggets,Jamal Murray,22.0,10.0,12.0,5070.283333333333,157,62,293.0,5.0,517.0,3.67080077707689
Philadelphia 76ers,Joel Embiid,22.0,4.0,18.0,1775.0666666666666,35,64,64.0,1.0,164.0,3.3260722601968005
Los Angeles Lakers,Anthony Davis,20.0,20.0,0.0,1439.4833333333333,54,90,94.0,2.0,240.0,6.002153550463708
Utah Jazz,Kyle Filipowski,19.0,8.0,11.0,3322.4666666666667,121,61,236.0,4.0,422.0,4.572506370768706
Indiana Pacers,Tyrese Haliburton,19.0,19.0,0.0,2450.4333333333334,105,49,209.0,0.0,363.0,5.332934310938201
Orlando Magic,Desmond Bane,19.0,0.0,19.0,2756.0666666666666,86,37,150.0,2.0,275.0,3.592075663385017
Minnesota Timberwolves,Naz Reid,18.0,9.0,9.0,4207.45,134,150,258.0,8.0,550.0,4.705938276153014
Utah Jazz,Walker Kessler,18.0,16.0,2.0,1894.3,43,147,108.0,0.0,298.0,5.663305706593465
Houston Rockets,Kevin Durant,18.0,0.0,18.0,2839.8333333333335,62,71,119.0,0.0,252.0,3.1945536709900813
Washington Wizards,Jordan Poole,18.0,18.0,0.0,2000.8999999999999,86,27,115.0,0.0,228.0,4.102154030686191
Charlotte Hornets,Mark Williams,18.0,18.0,0.0,1171.0833333333333,32,54,61.0,0.0,147.0,4.518892763111079
LA Clippers,Kawhi Leonard,17.0,2.0,15.0,3264.7166666666667,181,44,334.0,0.0,559.0,6.164087746256693
Minnesota Timberwolves,Julius Randle,17.0,7.0,10.0,4835.833333333333,133,34,268.0,0.0,435.0,3.2383250043081167
Brooklyn Nets,Noah Clowney,17.0,7.0,10.0,2822.3333333333335,74,66,169.0,10.0,319.0,4.068973662454233
Utah Jazz,Brice Sensabaugh,17.0,5.0,12.0,3193.7833333333333,100,20,187.0,10.0,317.0,3.5731916692324153
Minnesota Timberwolves,Jaden McDaniels,16.0,7.0,9.0,4930.849999999999,191,147,374.0,2.0,714.0,5.212894328564041
Orlando Magic,Wendell Carter Jr.,16.0,6.0,10.0,4046.6833333333334,112,90,214.0,4.0,420.0,3.7363931779523147
Brooklyn Nets,Day'Ron Sharpe,16.0,6.0,10.0,2067.4333333333334,108,68,224.0,1.0,401.0,6.982570981732583
Utah Jazz,Keyonte George,16.0,6.0,10.0,3894.5666666666666,104,23,172.0,7.0,306.0,2.8285560224928745
San Antonio Spurs,Harrison Barnes,16.0,13.0,3.0,4216.533333333333,89,26,179.0,4.0,298.0,2.544270174550974
LA Clippers,John Collins,16.0,0.0,16.0,1871.4499999999998,60,51,114.0,1.0,226.0,4.347431136284699
Phoenix Suns,Kevin Durant,16.0,16.0,0.0,2264.6833333333334,50,77,92.0,1.0,220.0,3.4971776775266594
Brooklyn Nets,Nic Claxton,15.0,6.0,9.0,3802.116666666667,107,177,236.0,2.0,522.0,4.9425100930621975
San Antonio Spurs,Stephon Castle,15.0,7.0,8.0,4199.833333333333,152,41,298.0,1.0,492.0,4.217310210722648
Dallas Mavericks,Naji Marshall,15.0,8.0,7.0,4102.883333333333,152,17,263.0,1.0,433.0,3.7992793685741333
Charlotte Hornets,Moussa Diabaté,15.0,6.0,9.0,3139.6666666666665,102,112,217.0,0.0,431.0,4.9419258944686275
Oklahoma City Thunder,Isaiah Hartenstein,15.0,10.0,5.0,2727.133333333333,95,98,226.0,1.0,420.0,5.5442833744835855
Toronto Raptors,RJ Barrett,15.0,8.0,7.0,3594.5333333333333,88,36,245.0,6.0,375.0,3.7557031047145664
Charlotte Hornets,Brandon Miller,15.0,7.0,8.0,2891.9166666666665,95,64,193.0,4.0,356.0,4.4316629686194275
San Antonio Spurs,Keldon Johnson,15.0,8.0,7.0,3749.4666666666667,95,33,185.0,1.0,314.0,3.014828775648092
Golden State Warriors,Jimmy Butler III,15.0,6.0,9.0,2162.0,105,16,187.0,1.0,309.0,5.145235892691952
Memphis Grizzlies,Santi Aldama,15.0,9.0,6.0,2857.75,89,60,144.0,3.0,296.0,3.7288076283789695
Dallas Mavericks,Klay Thompson,15.0,7.0,8.0,3461.483333333333,83,52,133.0,0.0,268.0,2.787244389447684
Phoenix Suns,Mark Williams,15.0,0.0,15.0,1416.0666666666666,55,55,139.0,0.0,249.0,6.330210442069583
Portland Trail Blazers,Toumani Camara,14.0,8.0,6.0,5279.316666666667,210,85,425.0,49.0,769.0,5.243860474366948
Washington Wizards,Bilal Coulibaly,14.0,8.0,6.0,3415.1,153,95,325.0,3.0,576.0,6.071857339462973
Orlando Magic,Goga Bitadze,14.0,9.0,5.0,2401.483333333333,86,159,201.0,1.0,447.0,6.700858497178827
Chicago Bulls,Matas Buzelis,14.0,2.0,12.0,3759.6,84,191,164.0,3.0,442.0,4.232365145228216
Portland Trail Blazers,Jerami Grant,14.0,7.0,7.0,3218.7,83,82,183.0,5.0,353.0,3.9481778357722064
Portland Trail Blazers,Shaedon Sharpe,14.0,3.0,11.0,3723.6666666666665,132,22,184.0,3.0,341.0,3.296750514725629
Memphis Grizzlies,Ja Morant,14.0,12.0,2.0,2087.616666666667,81,18,161.0,7.0,267.0,4.604293572415115
Philadelphia 76ers,Kelly Oubre Jr.,13.0,8.0,5.0,3652.5333333333333,160,54,463.0,2.0,679.0,6.6923413886252465
New York Knicks,Josh Hart,13.0,10.0,3.0,4890.45,194,44,412.0,6.0,656.0,4.829003465938717
Milwaukee Bucks,Ryan Rollins,13.0,1.0,12.0,3195.0,152,48,386.0,4.0,590.0,6.647887323943662
Orlando Magic,Jalen Suggs,13.0,4.0,9.0,2576.05,156,73,292.0,12.0,533.0,7.4486131868558445
Golden State Warriors,Brandin Podziemski,13.0,6.0,7.0,4049.1,157,28,279.0,43.0,507.0,4.507668370749055
San Antonio Spurs,De'Aaron Fox,13.0,2.0,11.0,2809.133333333333,114,24,245.0,2.0,385.0,4.9339060683010185
Indiana Pacers,Andrew Nembhard,13.0,4.0,9.0,3666.3333333333335,130,19,221.0,7.0,377.0,3.701791071915628
Miami Heat,Andrew Wiggins,13.0,3.0,10.0,2608.633333333333,96,86,173.0,0.0,355.0,4.89911703446249
Orlando Magic,Franz Wagner,13.0,9.0,4.0,3042.3333333333335,107,32,204.0,6.0,349.0,4.129724991782623
Toronto Raptors,Immanuel Quickley,13.0,3.0,10.0,3149.1,115,9,211.0,0.0,335.0,3.829665618748214
Cleveland Cavaliers,Darius Garland,13.0,7.0,6.0,3092.7833333333333,112,14,191.0,4.0,321.0,3.7364402075800114
Chicago Bulls,Tre Jones,13.0,2.0,11.0,2207.2,95,16,177.0,10.0,298.0,4.8604566872055095
Chicago Bulls,Ayo Dosunmu,13.0,4.0,9.0,2581.15,77,30,121.0,4.0,232.0,3.2357670030800225
Memphis Grizzlies,Zach Edey,13.0,9.0,4.0,1699.6499999999999,43,106,58.0,0.0,207.0,4.3844320889594925
Portland Trail Blazers,Anfernee Simons,13.0,13.0,0.0,2291.9166666666665,60,5,85.0,3.0,153.0,2.403228738683053
Washington Wizards,Jonas Valančiūnas,13.0,13.0,0.0,982.4333333333333,22,28,51.0,0.0,101.0,3.701014487836325
Brooklyn Nets,Cam Thomas,13.0,9.0,4.0,1363.0666666666666,19,4,41.0,0.0,64.0,1.6903061723564514
Houston Rockets,Reed Sheppard,12.0,1.0,11.0,2801.4,157,71,385.0,0.0,613.0,7.877489826515314
Washington Wizards,Justin Champagnie,12.0,8.0,4.0,2718.0333333333333,124,82,236.0,0.0,442.0,5.854232839921021
Phoenix Suns,Collin Gillespie,12.0,2.0,10.0,2743.0333333333333,120,21,255.0,13.0,409.0,5.367780194674995
Philadelphia 76ers,Quentin Grimes,12.0,7.0,5.0,3149.0166666666664,106,40,233.0,2.0,381.0,4.355645413118381
Miami Heat,Jaime Jaquez Jr.,12.0,3.0,9.0,3489.65,112,35,217.0,0.0,364.0,3.755104380095425
Golden State Warriors,Buddy Hield,12.0,10.0,2.0,2631.15,106,32,219.0,0.0,357.0,4.884556182657773
New York Knicks,Miles McBride,12.0,5.0,7.0,2673.5499999999997,102,26,203.0,2.0,333.0,4.483925866357465
Milwaukee Bucks,Bobby Portis,12.0,6.0,6.0,2863.0166666666664,76,38,187.0,1.0,302.0,3.797393192495096
Indiana Pacers,Myles Turner,12.0,12.0,0.0,2173.6833333333334,54,144,103.0,0.0,301.0,4.985086757500709
Sacramento Kings,Precious Achiuwa,12.0,0.0,12.0,1745.2,65,50,127.0,3.0,245.0,5.053862021544809
Charlotte Hornets,Kon Knueppel,12.0,0.0,12.0,2550.733333333333,57,19,145.0,3.0,224.0,3.1614437678053378
Indiana Pacers,Bennedict Mathurin,12.0,9.0,3.0,3040.25,64,28,123.0,1.0,216.0,2.5576844009538693
Utah Jazz,Collin Sexton,12.0,12.0,0.0,1757.7833333333333,47,6,99.0,0.0,152.0,3.113011652934093
Sacramento Kings,Zach LaVine,12.0,7.0,5.0,2394.7666666666664,47,12,88.0,1.0,148.0,2.224851412106956
Utah Jazz,John Collins,12.0,12.0,0.0,1220.5,39,40,64.0,2.0,145.0,4.276935682097501
New York Knicks,OG Anunoby,11.0,6.0,5.0,4929.65,214,113,428.0,6.0,761.0,5.557392512653029
Orlando Magic,Anthony Black,11.0,6.0,5.0,3797.083333333333,177,93,377.0,5.0,652.0,6.181586744211566
Minnesota Timberwolves,Donte DiVincenzo,11.0,5.0,6.0,4099.816666666667,177,51,394.0,2.0,624.0,5.4792693982251235
New York Knicks,Mikal Bridges,11.0,5.0,6.0,5728.066666666667,182,105,320.0,1.0,608.0,3.8211845765296024
Brooklyn Nets,Ziaire Williams,11.0,5.0,6.0,2822.6666666666665,138,49,341.0,1.0,529.0,6.746811525743977
Dallas Mavericks,P.J. Washington,11.0,5.0,6.0,3570.4666666666667,118,120,225.0,1.0,464.0,4.678380043691767
Indiana Pacers,T.J. McConnell,11.0,4.0,7.0,2377.9666666666667,139,31,281.0,12.0,463.0,7.009349724554591
Houston Rockets,Jabari Smith Jr.,11.0,3.0,8.0,4420.95,81,112,189.0,0.0,382.0,3.110643639941642
Oklahoma City Thunder,Isaiah Joe,11.0,5.0,6.0,3111.4333333333334,98,20,216.0,25.0,359.0,4.153712651189698
Milwaukee Bucks,Kevin Porter Jr.,11.0,2.0,9.0,1859.2,121,21,203.0,0.0,345.0,6.680292598967298
Dallas Mavericks,Cooper Flagg,11.0,0.0,11.0,2343.85,84,64,151.0,0.0,299.0,4.592444055720289
Dallas Mavericks,Kyrie Irving,11.0,11.0,0.0,1803.8333333333333,66,23,165.0,2.0,256.0,5.109119467800055
Memphis Grizzlies,Desmond Bane,11.0,11.0,0.0,2205.25,80,28,127.0,0.0,235.0,3.8362997392585876
Indiana Pacers,Obi Toppin,11.0,7.0,4.0,1968.5333333333333,58,29,108.0,0.0,195.0,3.5661067461392575
Phoenix Suns,Dillon Brooks,11.0,0.0,11.0,1701.6333333333332,57,9,113.0,1.0,180.0,3.8081059374326633
Brooklyn Nets,Michael Porter Jr.,11.0,0.0,11.0,1688.6499999999999,55,13,97.0,0.0,165.0,3.5176028188197677
New Orleans Pelicans,CJ McCollum,11.0,11.0,0.0,1831.7,46,24,82.0,2.0,154.0,3.0266965114374624
Dallas Mavericks,Anthony Davis,11.0,3.0,8.0,891.6166666666667,27,53,63.0,2.0,145.0,5.854533899097146
Portland Trail Blazers,Deandre Ayton,11.0,11.0,0.0,1205.6166666666666,31,39,54.0,0.0,124.0,3.702669449935718
San Antonio Spurs,Julian Champagnie,10.0,7.0,3.0,4198.083333333333,123,73,242.0,0.0,438.0,3.755999761796058
New Orleans Pelicans,Yves Missi,10.0,8.0,2.0,3252.833333333333,57,199,128.0,0.0,384.0,4.249833478505918
Indiana Pacers,Jay Huff,10.0,0.0,10.0,1719.2333333333333,41,153,71.0,1.0,266.0,5.569924578785117
Toronto Raptors,Sandro Mamukelashvili,10.0,0.0,10.0,1750.75,64,41,138.0,0.0,243.0,4.996715693274311
LA Clippers,Norman Powell,10.0,10.0,0.0,1958.0166666666667,73,9,121.0,0.0,203.0,3.732348209497706
Washington Wizards,Tristan Vukcevic,10.0,4.0,6.0,1183.5166666666667,34,56,93.0,5.0,188.0,5.718550647082846
Brooklyn Nets,Cameron Johnson,10.0,10.0,0.0,1799.7833333333333,53,25,100.0,3.0,181.0,3.6204357931973297
Memphis Grizzlies,Cedric Coward,10.0,0.0,10.0,1597.9499999999998,40,27,102.0,2.0,171.0,3.8524359335398484
Sacramento Kings,Maxime Raynaud,10.0,0.0,10.0,1963.8666666666666,38,39,79.0,0.0,156.0,2.8596646072374226
Golden State Warriors,Andrew Wiggins,10.0,10.0,0.0,1296.3,40,33,66.0,0.0,139.0,3.8602175422355938
Charlotte Hornets,Collin Sexton,10.0,0.0,10.0,937.5333333333333,36,7,70.0,0.0,113.0,4.339045722818745
Miami Heat,Jimmy Butler III,10.0,10.0,0.0,765.8333333333333,27,10,67.0,1.0,105.0,4.935799782372144
Houston Rockets,Tari Eason,9.0,6.0,3.0,2969.35,169,78,282.0,0.0,529.0,6.4135248455049085
Golden State Warriors,Moses Moody,9.0,4.0,5.0,3189.116666666667,117,65,327.0,7.0,516.0,5.824810422948883
Philadelphia 76ers,Paul George,9.0,6.0,3.0,2468.633333333333,137,36,313.0,6.0,492.0,7.174820075885443
Washington Wizards,Kyshawn George,9.0,2.0,7.0,3193.1666666666665,116,93,260.0,7.0,476.0,5.366459627329193
San Antonio Spurs,Devin Vassell,9.0,6.0,3.0,4027.45,141,58,260.0,0.0,459.0,4.102844231461595
Atlanta Hawks,Nickeil Alexander-Walker,9.0,0.0,9.0,2603.2,102,42,272.0,4.0,420.0,5.808236017209589
Washington Wizards,Bub Carrington,9.0,2.0,7.0,4728.483333333334,106,38,223.0,2.0,369.0,2.8093574754413853
Sacramento Kings,Malik Monk,9.0,5.0,4.0,3417.7666666666664,98,62,192.0,3.0,355.0,3.7392839378541547
Milwaukee Bucks,Brook Lopez,9.0,9.0,0.0,2546.0499999999997,50,148,118.0,0.0,316.0,4.468097641444591
Cleveland Cavaliers,Sam Merrill,9.0,2.0,7.0,2778.4166666666665,86,21,180.0,12.0,299.0,3.8741489457424794
Portland Trail Blazers,Robert Williams III,9.0,4.0,5.0,1359.5666666666666,48,120,102.0,0.0,270.0,7.149336798489715
Sacramento Kings,De'Aaron Fox,9.0,9.0,0.0,1663.0833333333333,66,20,149.0,1.0,236.0,5.108583454427018
Detroit Pistons,Malik Beasley,9.0,9.0,0.0,2282.983333333333,73,5,131.0,0.0,209.0,3.2956876601522866
Utah Jazz,Jusuf Nurkić,9.0,0.0,9.0,1083.05,52,22,112.0,0.0,186.0,6.182540048935876
Orlando Magic,Cole Anthony,9.0,9.0,0.0,1234.1499999999999,45,32,94.0,3.0,174.0,5.075558076408865
Orlando Magic,Moritz Wagner,9.0,7.0,2.0,990.7666666666667,39,14,110.0,10.0,173.0,6.286041112942839
Miami Heat,Duncan Robinson,9.0,9.0,0.0,1785.5833333333333,40,6,100.0,8.0,154.0,3.1048676902972887
Denver Nuggets,Aaron Gordon,9.0,6.0,3.0,2451.6833333333334,44,24,75.0,0.0,143.0,2.0997817825847545
Dallas Mavericks,Luka Dončić,9.0,9.0,0.0,784.5166666666667,44,9,75.0,2.0,130.0,5.96545643814663
Toronto Raptors,Chris Boucher,9.0,9.0,0.0,862.2833333333333,24,25,45.0,3.0,97.0,4.0497129713744515
Indiana Pacers,Micah Potter,9.0,0.0,9.0,908.3166666666666,22,15,45.0,0.0,82.0,3.24996788931907
Oklahoma City Thunder,Jalen Williams,8.0,7.0,1.0,3172.633333333333,150,55,348.0,4.0,557.0,6.320301747234159
Oklahoma City Thunder,Luguentz Dort,8.0,6.0,2.0,3922.0333333333333,141,66,278.0,8.0,493.0,4.5252037633540425
Golden State Warriors,Gary Payton II,8.0,2.0,6.0,2069.483333333333,119,38,272.0,0.0,429.0,7.4627322439578325
Detroit Pistons,Paul Reed,8.0,2.0,6.0,1338.1833333333334,96,85,201.0,2.0,384.0,10.330423086024584
Portland Trail Blazers,Scoot Henderson,8.0,5.0,3.0,2506.95,95,22,253.0,0.0,370.0,5.313229222760726
Phoenix Suns,Grayson Allen,8.0,4.0,4.0,3011.0333333333333,123,32,206.0,1.0,362.0,4.32808227518792
New Orleans Pelicans,Derik Queen,8.0,0.0,8.0,2023.4333333333334,84,74,184.0,4.0,346.0,6.155873680048761
Orlando Magic,Tristan da Silva,8.0,2.0,6.0,3528.1,101,43,202.0,0.0,346.0,3.530512173691222
New York Knicks,Mitchell Robinson,8.0,2.0,6.0,1464.6833333333334,72,88,160.0,0.0,320.0,7.865181324745962
Detroit Pistons,Isaiah Stewart,8.0,2.0,6.0,2751.0166666666664,44,194,80.0,0.0,318.0,4.161370644791925
Memphis Grizzlies,Jaylen Wells,8.0,3.0,5.0,3864.2,105,17,184.0,4.0,310.0,2.8880492728119664
Golden State Warriors,Gui Santos,8.0,2.0,6.0,2156.9166666666665,86,32,168.0,4.0,290.0,4.84024263029788
Dallas Mavericks,Brandon Williams,8.0,1.0,7.0,1949.7833333333333,86,25,159.0,3.0,273.0,5.040560062229137
Toronto Raptors,Brandon Ingram,8.0,0.0,8.0,2603.85,58,55,130.0,0.0,243.0,3.3596405322887266
Sacramento Kings,Russell Westbrook,8.0,0.0,8.0,1852.5833333333333,83,12,137.0,0.0,232.0,4.508299221807386
Miami Heat,Norman Powell,8.0,0.0,8.0,1716.9333333333332,64,14,147.0,0.0,225.0,4.717713753203387
Chicago Bulls,Jalen Smith,8.0,5.0,3.0,2057.7833333333333,41,86,60.0,7.0,194.0,3.3939433208873626
Utah Jazz,Svi Mykhailiuk,8.0,4.0,4.0,1915.9333333333334,45,10,136.0,1.0,192.0,3.6076411844531817
Brooklyn Nets,Tyrese Martin,8.0,4.0,4.0,2011.3333333333333,56,13,112.0,0.0,181.0,3.2396420285051377
Memphis Grizzlies,GG Jackson,8.0,1.0,7.0,1636.3999999999999,43,49,87.0,0.0,179.0,3.9379124908335372
New Orleans Pelicans,Saddiq Bey,8.0,0.0,8.0,2245.633333333333,68,7,96.0,1.0,172.0,2.7573513040122313
Chicago Bulls,Zach LaVine,8.0,8.0,0.0,1432.0166666666667,39,10,63.0,0.0,112.0,2.8156096879691814
Brooklyn Nets,Trendon Watford,8.0,8.0,0.0,912.7,27,12,63.0,3.0,105.0,4.1415580146817135
Phoenix Suns,Royce O'Neale,7.0,4.0,3.0,4049.9666666666667,151,65,282.0,0.0,498.0,4.426703100437041
Atlanta Hawks,Zaccharie Risacher,7.0,4.0,3.0,3346.633333333333,111,73,257.0,0.0,441.0,4.743871950915846
Indiana Pacers,Jarace Walker,7.0,1.0,6.0,3139.9666666666667,117,51,253.0,1.0,422.0,4.838267922164779
Milwaukee Bucks,Gary Trent Jr.,7.0,3.0,4.0,3270.833333333333,106,7,256.0,0.0,369.0,4.061350318471338
Philadelphia 76ers,Andre Drummond,7.0,2.0,5.0,1981.4333333333332,77,67,161.0,0.0,305.0,5.541443063102469
Toronto Raptors,Ochai Agbaji,7.0,7.0,0.0,2388.733333333333,75,41,185.0,0.0,301.0,4.536295386676342
Oklahoma City Thunder,Jaylin Williams,7.0,4.0,3.0,2061.4333333333334,53,71,116.0,29.0,269.0,4.697702246010057
Milwaukee Bucks,Damian Lillard,7.0,7.0,0.0,2092.883333333333,70,10,172.0,2.0,254.0,4.369092081896587
Chicago Bulls,Coby White,7.0,6.0,1.0,3293.7,89,18,128.0,9.0,244.0,2.6669095546042447
Cleveland Cavaliers,Jaylon Tyson,7.0,1.0,6.0,2230.45,67,31,140.0,1.0,239.0,3.857517541303325
Philadelphia 76ers,Guerschon Yabusele,7.0,7.0,0.0,1894.75,58,24,135.0,8.0,225.0,4.274970312706161
Houston Rockets,Jalen Green,7.0,7.0,0.0,2697.1833333333334,71,27,101.0,1.0,200.0,2.6694514647996987
Los Angeles Lakers,Deandre Ayton,7.0,0.0,7.0,1958.3999999999999,41,70,78.0,0.0,189.0,3.4742647058823533
Cleveland Cavaliers,De'Andre Hunter,7.0,5.0,2.0,1800.8999999999999,49,14,106.0,0.0,169.0,3.3783108445777117
Washington Wizards,Will Riley,7.0,0.0,7.0,1632.5,54,9,84.0,1.0,148.0,3.263705972434916
Sacramento Kings,Keon Ellis,6.0,4.0,2.0,2706.383333333333,167,85,384.0,1.0,637.0,8.473300776559123
LA Clippers,Derrick Jones Jr.,6.0,3.0,3.0,3222.9,124,83,249.0,0.0,456.0,5.093549287908405
Toronto Raptors,Ja'Kobe Walter,6.0,1.0,5.0,2576.8333333333335,116,24,260.0,9.0,409.0,5.71399003945411
Utah Jazz,Isaiah Collier,6.0,1.0,5.0,3356.0333333333333,132,36,209.0,5.0,382.0,4.097694699099135
New Orleans Pelicans,Jose Alvarado,6.0,4.0,2.0,2262.383333333333,111,18,235.0,4.0,368.0,5.855771568331332
Toronto Raptors,Gradey Dick,6.0,3.0,3.0,2654.1666666666665,93,17,225.0,9.0,344.0,4.665871271585558
Golden State Warriors,De'Anthony Melton,6.0,0.0,6.0,1246.2833333333333,84,22,159.0,0.0,265.0,7.654760153523142
Brooklyn Nets,Keon Johnson,6.0,6.0,0.0,1925.2833333333333,82,30,145.0,7.0,264.0,4.936416285048954
Toronto Raptors,Collin Murray-Boyles,6.0,0.0,6.0,1245.6333333333332,52,53,157.0,1.0,263.0,7.600952661296797
LA Clippers,Brook Lopez,6.0,0.0,6.0,1635.2833333333333,45,87,124.0,0.0,256.0,5.635720619260679
Houston Rockets,Dillon Brooks,6.0,6.0,0.0,2388.2833333333333,60,16,141.0,4.0,221.0,3.331263041096464
Phoenix Suns,Bradley Beal,6.0,6.0,0.0,1702.1833333333334,58,28,128.0,3.0,217.0,4.589399888378651
Phoenix Suns,Tyus Jones,6.0,6.0,0.0,2173.5166666666664,69,8,121.0,0.0,198.0,3.2794779581477025
Milwaukee Bucks,Kyle Kuzma,6.0,2.0,4.0,2855.2666666666664,62,40,80.0,8.0,190.0,2.3955730929977355
Indiana Pacers,Quenton Jackson,6.0,1.0,5.0,1278.4666666666667,52,11,115.0,0.0,178.0,5.0122542629191225
Dallas Mavericks,Spencer Dinwiddie,6.0,6.0,0.0,2136.0833333333335,70,17,89.0,0.0,176.0,2.9661764132173367
Golden State Warriors,Pat Spencer,6.0,1.0,5.0,1478.5833333333333,62,8,100.0,0.0,170.0,4.139097108718932
Portland Trail Blazers,Dalano Banton,6.0,6.0,0.0,1119.95,43,34,87.0,1.0,165.0,5.3038082057234694
Golden State Warriors,Trayce Jackson-Davis,6.0,6.0,0.0,1377.7166666666667,36,57,68.0,0.0,161.0,4.206960792615801
New Orleans Pelicans,Jordan Hawkins,6.0,4.0,2.0,2012.45,43,33,78.0,2.0,156.0,2.7906283385922634
Brooklyn Nets,Egor Dëmin,6.0,0.0,6.0,1308.2333333333333,42,17,88.0,3.0,150.0,4.127704028333376
Detroit Pistons,Tim Hardaway Jr.,6.0,6.0,0.0,2152.7833333333333,38,7,62.0,18.0,125.0,2.090317186278229
Washington Wizards,Corey Kispert,6.0,4.0,2.0,1971.35,34,17,71.0,0.0,122.0,2.227914880665534
Brooklyn Nets,D'Angelo Russell,6.0,6.0,0.0,717.1,33,19,69.0,0.0,121.0,6.074466601589736
Washington Wizards,Marvin Bagley III,6.0,1.0,5.0,897.1999999999999,27,32,50.0,8.0,117.0,4.694605439144004
Memphis Grizzlies,Olivier-Maxence Prosper,6.0,0.0,6.0,983.5999999999999,40,13,61.0,1.0,115.0,4.209028060187069
Memphis Grizzlies,Jock Landale,6.0,0.0,6.0,1060.1166666666666,25,22,43.0,1.0,91.0,3.0902259185309795
Phoenix Suns,Jalen Green,6.0,0.0,6.0,828.3333333333333,34,8,43.0,0.0,85.0,3.694164989939638
Chicago Bulls,Zach Collins,6.0,4.0,2.0,735.7666666666667,17,18,41.0,1.0,77.0,3.76749875413401
LA Clippers,Bennedict Mathurin,6.0,0.0,6.0,729.1,26,9,35.0,0.0,70.0,3.4563160060348377
LA Clippers,Kris Dunn,5.0,2.0,3.0,4012.95,259,41,531.0,0.0,831.0,7.454864874967294
Detroit Pistons,Tobias Harris,5.0,4.0,1.0,4050.9333333333334,132,83,208.0,0.0,423.0,3.759133697584096
Oklahoma City Thunder,Aaron Wiggins,5.0,4.0,1.0,3157.9,120,46,246.0,2.0,414.0,4.71959213401311
Denver Nuggets,Christian Braun,5.0,5.0,0.0,4074.616666666667,115,49,236.0,4.0,404.0,3.5694155278410644
Philadelphia 76ers,VJ Edgecombe,5.0,0.0,5.0,2623.3166666666666,107,39,244.0,0.0,390.0,5.352003507010845
Phoenix Suns,Jordan Goodwin,5.0,0.0,5.0,1571.7666666666667,106,14,260.0,1.0,381.0,8.726486119653044
Orlando Magic,Jonathan Isaac,5.0,4.0,1.0,1610.9666666666667,81,111,178.0,0.0,370.0,8.268327505224606
Chicago Bulls,Patrick Williams,5.0,4.0,1.0,3050.116666666667,97,58,209.0,0.0,364.0,4.296229105990481
Philadelphia 76ers,Adem Bona,5.0,4.0,1.0,2138.733333333333,56,151,140.0,0.0,347.0,5.840840372806335
New Orleans Pelicans,Jeremiah Fears,5.0,0.0,5.0,2111.983333333333,97,30,209.0,1.0,337.0,5.744363512969642
Los Angeles Lakers,Rui Hachimura,5.0,3.0,2.0,3795.4333333333334,84,47,179.0,2.0,312.0,2.9593458805757797
Houston Rockets,Fred VanVleet,5.0,5.0,0.0,2111.3333333333335,94,25,184.0,1.0,304.0,5.183454373223871
Los Angeles Lakers,Marcus Smart,5.0,0.0,5.0,1769.0166666666667,87,23,171.0,20.0,301.0,6.125436918815538
Orlando Magic,Kentavious Caldwell-Pope,5.0,5.0,0.0,2279.05,99,34,157.0,3.0,293.0,4.628244224567254
Milwaukee Bucks,Myles Turner,5.0,0.0,5.0,1911.8,50,115,125.0,0.0,290.0,5.460822261742861
Milwaukee Bucks,AJ Green,5.0,0.0,5.0,3929.0666666666666,76,15,181.0,8.0,280.0,2.565494773992127
Minnesota Timberwolves,Nickeil Alexander-Walker,5.0,5.0,0.0,2073.15,50,34,170.0,3.0,257.0,4.462774039505101
Cleveland Cavaliers,Ty Jerome,5.0,5.0,0.0,1392.4166666666665,78,3,162.0,0.0,243.0,6.282602190436293
Dallas Mavericks,Max Christie,5.0,0.0,5.0,3217.5333333333333,76,37,115.0,2.0,230.0,2.573399912976815
Utah Jazz,Ace Bailey,5.0,0.0,5.0,1987.6333333333332,60,49,110.0,0.0,219.0,3.966526354626105
Memphis Grizzlies,Cam Spencer,5.0,0.0,5.0,1966.6666666666665,61,12,123.0,3.0,199.0,3.64271186440678
Miami Heat,Nikola Jović,5.0,5.0,0.0,1963.7166666666667,64,30,99.0,1.0,194.0,3.5565212225117335
Denver Nuggets,Michael Porter Jr.,5.0,5.0,0.0,2593.2666666666664,50,38,103.0,0.0,191.0,2.651482043240186
Brooklyn Nets,Jalen Wilson,5.0,2.0,3.0,2890.5833333333335,62,7,111.0,0.0,180.0,2.241762043416842
Portland Trail Blazers,Jrue Holiday,5.0,0.0,5.0,1560.3999999999999,54,6,113.0,0.0,173.0,3.9912842860804925
Dallas Mavericks,Dereck Lively II,5.0,5.0,0.0,948.0,24,67,60.0,0.0,151.0,5.734177215189874
Minnesota Timberwolves,Bones Hyland,5.0,0.0,5.0,1193.7833333333333,44,17,89.0,1.0,151.0,4.553590126628228
Atlanta Hawks,CJ McCollum,5.0,0.0,5.0,1181.6166666666666,40,26,68.0,0.0,134.0,4.082542279645119
Denver Nuggets,Tim Hardaway Jr.,5.0,0.0,5.0,2127.3333333333335,42,10,68.0,7.0,127.0,2.149169539329364
Philadelphia 76ers,Jared McCain,5.0,4.0,1.0,1211.9166666666667,37,2,68.0,1.0,108.0,3.2081413738568383
Los Angeles Lakers,Dalton Knecht,5.0,4.0,1.0,2046.7833333333333,35,19,51.0,2.0,107.0,1.881977411711059
Charlotte Hornets,Seth Curry,5.0,5.0,0.0,1061.9666666666667,27,7,55.0,2.0,91.0,3.084842587651841
Toronto Raptors,Orlando Robinson,5.0,5.0,0.0,712.6833333333333,14,15,54.0,0.0,83.0,4.192605411473072
Denver Nuggets,Jonas Valančiūnas,5.0,0.0,5.0,871.0666666666666,14,37,17.0,0.0,68.0,2.8103474667074853
Memphis Grizzlies,Ty Jerome,5.0,0.0,5.0,338.68333333333334,16,4,40.0,0.0,60.0,6.377638895723635
New Orleans Pelicans,Brandon Ingram,5.0,5.0,0.0,595.05,16,11,19.0,0.0,46.0,2.7829594151751955
Dallas Mavericks,Marvin Bagley III,5.0,0.0,5.0,470.2,8,16,14.0,0.0,38.0,2.909400255210549
Golden State Warriors,Draymond Green,4.0,2.0,2.0,3852.2166666666667,160,112,327.0,19.0,618.0,5.7753760821691404
Toronto Raptors,Jamal Shead,4.0,3.0,1.0,3319.133333333333,134,25,289.0,14.0,462.0,5.010946632655111
Denver Nuggets,Peyton Watson,4.0,1.0,3.0,3253.483333333333,98,154,182.0,4.0,438.0,4.8464978561439285
Phoenix Suns,Oso Ighodaro,4.0,0.0,4.0,2853.95,101,86,243.0,0.0,430.0,5.424061388601763
Memphis Grizzlies,Scotty Pippen Jr.,4.0,4.0,0.0,1894.8,122,34,249.0,5.0,410.0,7.7897403419886
Phoenix Suns,Ryan Dunn,4.0,3.0,1.0,2765.6833333333334,104,69,222.0,0.0,395.0,5.141586467479406
Sacramento Kings,Keegan Murray,4.0,2.0,2.0,3403.2166666666667,85,105,158.0,13.0,361.0,3.818740113520052
Cleveland Cavaliers,Dean Wade,4.0,2.0,2.0,2570.15,86,43,222.0,0.0,351.0,4.916444565492286
Denver Nuggets,Russell Westbrook,4.0,4.0,0.0,2092.366666666667,106,37,184.0,3.0,330.0,5.677781140972742
Charlotte Hornets,Josh Green,4.0,3.0,1.0,2795.5166666666664,109,21,197.0,1.0,328.0,4.223906135419213
Philadelphia 76ers,Justin Edwards,4.0,2.0,2.0,2131.7666666666664,99,27,200.0,2.0,328.0,5.539067752881023
Los Angeles Lakers,Jaxson Hayes,4.0,2.0,2.0,2299.2999999999997,60,103,148.0,2.0,313.0,4.9006219284129955
Miami Heat,Pelle Larsson,4.0,0.0,4.0,2631.116666666667,81,23,183.0,14.0,301.0,4.118403466208897
Oklahoma City Thunder,Ajay Mitchell,4.0,2.0,2.0,2069.7833333333333,96,22,178.0,4.0,300.0,5.217937465274143
Oklahoma City Thunder,Kenrich Williams,4.0,1.0,3.0,1986.7833333333333,74,15,184.0,17.0,290.0,5.254724974204535
Indiana Pacers,Aaron Nesmith,4.0,1.0,3.0,2456.583333333333,61,40,108.0,11.0,220.0,3.223989958953832
Portland Trail Blazers,Sidy Cissoko,4.0,0.0,4.0,1495.1166666666666,53,26,116.0,8.0,203.0,4.887912871905203
New York Knicks,Landry Shamet,4.0,2.0,2.0,1932.7,54,11,127.0,3.0,195.0,3.6322243493558233
LA Clippers,Jordan Miller,4.0,0.0,4.0,1745.1166666666666,62,16,109.0,1.0,188.0,3.8782507377730244
Golden State Warriors,Jonathan Kuminga,4.0,4.0,0.0,1620.2666666666667,46,27,107.0,2.0,182.0,4.043778801843318
Detroit Pistons,Marcus Sasser,4.0,4.0,0.0,1267.3166666666666,57,8,110.0,0.0,175.0,4.971133234261366
Atlanta Hawks,Clint Capela,4.0,4.0,0.0,1176.45,34,53,58.0,9.0,154.0,4.712482468443198
Cleveland Cavaliers,Caris LeVert,4.0,4.0,0.0,904.15,33,19,88.0,0.0,140.0,5.574296300392634
Golden State Warriors,Al Horford,4.0,0.0,4.0,969.1999999999999,30,51,53.0,0.0,134.0,4.977300866694181
Washington Wizards,Tre Johnson,4.0,0.0,4.0,1442.8666666666666,33,18,81.0,0.0,132.0,3.293443607632953
Brooklyn Nets,Danny Wolf,4.0,0.0,4.0,1187.1666666666667,30,32,67.0,0.0,129.0,3.9118349010248488
Memphis Grizzlies,Taylor Hendricks,4.0,0.0,4.0,626.3166666666666,37,22,65.0,1.0,125.0,7.184863886745258
Detroit Pistons,Simone Fontecchio,4.0,4.0,0.0,1236.7333333333333,31,12,76.0,1.0,120.0,3.493073149695434
Miami Heat,Simone Fontecchio,4.0,0.0,4.0,1172.55,37,9,71.0,0.0,117.0,3.5921709095560956
Dallas Mavericks,Jaden Hardy,4.0,1.0,3.0,1335.4833333333333,37,7,65.0,4.0,113.0,3.046088182805226
Chicago Bulls,Collin Sexton,4.0,0.0,4.0,675.6833333333333,40,3,65.0,1.0,109.0,5.807454182185936
Cleveland Cavaliers,Max Strus,4.0,2.0,2.0,1561.0333333333333,29,12,55.0,5.0,101.0,2.329226367149965
Phoenix Suns,Nick Richards,4.0,4.0,0.0,1069.4333333333334,11,43,42.0,1.0,97.0,3.2652806782408126
New Orleans Pelicans,Jordan Poole,4.0,0.0,4.0,933.25,22,15,53.0,3.0,93.0,3.587463166354139
Atlanta Hawks,De'Andre Hunter,4.0,4.0,0.0,1063.6333333333332,31,5,54.0,0.0,90.0,3.046162524679558
Utah Jazz,Oscar Tshiebwe,4.0,2.0,2.0,703.6,29,6,51.0,1.0,87.0,4.451392836839113
Brooklyn Nets,Dennis Schröder,4.0,4.0,0.0,772.1166666666667,26,4,45.0,6.0,81.0,3.7766313380965744
Philadelphia 76ers,Trendon Watford,4.0,0.0,4.0,863.6999999999999,16,22,42.0,0.0,80.0,3.3344911427579023
Charlotte Hornets,Jusuf Nurkić,4.0,4.0,0.0,471.0833333333333,17,18,44.0,0.0,79.0,6.037148416769857
Washington Wizards,CJ McCollum,4.0,0.0,4.0,1081.8333333333333,24,9,45.0,0.0,78.0,2.5955938992451086
Washington Wizards,Kyle Kuzma,4.0,4.0,0.0,886.9666666666667,20,7,34.0,4.0,65.0,2.638205118568905
Atlanta Hawks,Kristaps Porziņģis,4.0,0.0,4.0,413.1166666666666,9,22,24.0,0.0,55.0,4.792834953806431
Washington Wizards,Cam Whitmore,4.0,0.0,4.0,354.01666666666665,15,8,24.0,0.0,47.0,4.779435996422014
Dallas Mavericks,Danté Exum,4.0,4.0,0.0,372.31666666666666,12,3,14.0,2.0,31.0,2.99744840861274
Detroit Pistons,Ausar Thompson,3.0,1.0,2.0,3223.35,244,109,528.0,3.0,884.0,9.872958257713249
Detroit Pistons,Ronald Holland II,3.0,1.0,2.0,2816.9,141,44,260.0,2.0,447.0,5.712662856331428
Atlanta Hawks,Mouhamed Gueye,3.0,1.0,2.0,1711.6,89,72,181.0,3.0,345.0,7.256368310352887
Toronto Raptors,Jonathan Mogbo,3.0,3.0,0.0,1534.5666666666666,66,42,187.0,0.0,295.0,6.920520450941634
New Orleans Pelicans,Karlo Matković,3.0,2.0,1.0,1702.35,47,95,125.0,2.0,269.0,5.688606925720328
Golden State Warriors,Will Richard,3.0,0.0,3.0,1376.8,80,9,157.0,5.0,251.0,6.563044741429401
Sacramento Kings,Nique Clifford,3.0,0.0,3.0,1881.9166666666667,68,24,141.0,9.0,242.0,4.629322942036045
Chicago Bulls,Kevin Huerter,3.0,1.0,2.0,1816.6499999999999,65,33,142.0,1.0,241.0,4.775823631409462
New Orleans Pelicans,Dejounte Murray,3.0,2.0,1.0,1401.5666666666666,86,15,140.0,0.0,241.0,6.190215710990083
Detroit Pistons,Duncan Robinson,3.0,0.0,3.0,2113.2,44,22,140.0,6.0,212.0,3.611584327086883
Charlotte Hornets,Ryan Kalkbrenner,3.0,0.0,3.0,1479.1666666666667,32,101,71.0,2.0,206.0,5.013633802816901
San Antonio Spurs,Jeremy Sochan,3.0,2.0,1.0,1721.7333333333333,55,32,116.0,0.0,203.0,4.244559745992411
Memphis Grizzlies,Brandon Clarke,3.0,3.0,0.0,1227.3333333333333,54,36,105.0,4.0,199.0,5.837045084193374
Washington Wizards,Khris Middleton,3.0,1.0,2.0,1136.1666666666665,44,12,108.0,9.0,173.0,5.481590142291331
San Antonio Spurs,Dylan Harper,3.0,0.0,3.0,1557.9833333333333,54,24,92.0,0.0,170.0,3.9281549866815
Golden State Warriors,Quinten Post,3.0,0.0,3.0,1845.0333333333333,42,53,74.0,0.0,169.0,3.297501400155372
Sacramento Kings,Devin Carter,3.0,0.0,3.0,1095.8333333333333,55,13,99.0,2.0,169.0,5.5519391634980995
Houston Rockets,Steven Adams,3.0,2.0,1.0,1524.45,44,48,68.0,0.0,160.0,3.7784118862540588
New Orleans Pelicans,Brandon Boston,3.0,3.0,0.0,992.7833333333333,53,9,85.0,1.0,148.0,5.366729900783991
Memphis Grizzlies,Luke Kennard,3.0,3.0,0.0,1471.7,50,5,90.0,0.0,145.0,3.5469185295916286
Detroit Pistons,Jaden Ivey,3.0,3.0,0.0,1452.85,43,23,78.0,0.0,144.0,3.5681591354923086
Philadelphia 76ers,Ricky Council IV,3.0,3.0,0.0,1250.0,32,13,88.0,1.0,134.0,3.8592
LA Clippers,Kevin Porter Jr.,3.0,3.0,0.0,883.8666666666667,43,11,73.0,0.0,127.0,5.172725901342585
Miami Heat,Terry Rozier,3.0,3.0,0.0,1658.2666666666667,37,14,67.0,2.0,120.0,2.605129854466511
LA Clippers,Bogdan Bogdanović,3.0,2.0,1.0,1201.8666666666666,31,8,77.0,0.0,116.0,3.474595074328822
Charlotte Hornets,Tre Mann,3.0,1.0,2.0,987.5166666666667,32,9,66.0,0.0,107.0,3.900693659178748
Sacramento Kings,Dennis Schröder,3.0,0.0,3.0,1055.6666666666667,32,6,60.0,4.0,102.0,3.4783706978212816
Houston Rockets,Cam Whitmore,3.0,3.0,0.0,826.5833333333334,31,13,55.0,0.0,99.0,4.311724972275431
Orlando Magic,Jett Howard,3.0,2.0,1.0,1396.45,23,22,51.0,0.0,96.0,2.474846933295141
Memphis Grizzlies,Rayan Rupert,3.0,0.0,3.0,495.3333333333333,26,7,59.0,2.0,94.0,6.831763122476447
Phoenix Suns,Jusuf Nurkić,3.0,3.0,0.0,591.7833333333333,23,16,52.0,0.0,91.0,5.535809840313179
Utah Jazz,Jordan Clarkson,3.0,3.0,0.0,962.4666666666667,31,9,50.0,0.0,90.0,3.3663503497956637
Oklahoma City Thunder,Branden Carlson,3.0,1.0,2.0,734.65,13,48,24.0,0.0,85.0,4.165248757911931
Los Angeles Lakers,D'Angelo Russell,3.0,3.0,0.0,763.35,23,4,55.0,1.0,83.0,3.914325014737669
Brooklyn Nets,Josh Minott,3.0,0.0,3.0,308.0833333333333,20,12,50.0,0.0,82.0,9.58182309981066
Minnesota Timberwolves,Terrence Shannon Jr.,3.0,0.0,3.0,876.5333333333333,21,6,52.0,2.0,81.0,3.326741709765744
Philadelphia 76ers,Jeff Dowtin Jr.,3.0,3.0,0.0,620.8,24,12,45.0,0.0,81.0,4.697164948453609
San Antonio Spurs,Sandro Mamukelashvili,3.0,3.0,0.0,681.2333333333333,22,17,42.0,0.0,81.0,4.280471693497089
Milwaukee Bucks,Ousmane Dieng,3.0,0.0,3.0,804.2833333333333,23,10,45.0,0.0,78.0,3.4913069606481963
Atlanta Hawks,Bogdan Bogdanović,3.0,3.0,0.0,597.8833333333333,20,6,50.0,0.0,76.0,4.576143617762662
Charlotte Hornets,Josh Okogie,3.0,3.0,0.0,274.4,27,8,35.0,0.0,70.0,9.183673469387756
Minnesota Timberwolves,Ayo Dosunmu,3.0,0.0,3.0,693.85,24,6,32.0,0.0,62.0,3.2168336095697914
Washington Wizards,Julian Reese,3.0,0.0,3.0,401.5,18,8,32.0,0.0,58.0,5.200498132004981
Sacramento Kings,Jonas Valančiūnas,3.0,3.0,0.0,541.35,15,18,22.0,0.0,55.0,3.6575228595178717
Charlotte Hornets,Nick Smith Jr.,3.0,3.0,0.0,1368.7666666666667,17,6,29.0,1.0,53.0,1.3939556291552007
Atlanta Hawks,Jock Landale,3.0,0.0,3.0,446.01666666666665,10,14,27.0,0.0,51.0,4.11643810022047
New Orleans Pelicans,Antonio Reeves,3.0,3.0,0.0,659.5333333333333,21,4,26.0,0.0,51.0,2.7837865157181847
Dallas Mavericks,Kai Jones,3.0,3.0,0.0,260.3833333333333,9,10,31.0,0.0,50.0,6.912884849260706
Charlotte Hornets,Nick Richards,3.0,3.0,0.0,440.34999999999997,7,26,12.0,2.0,47.0,3.842398092426479
LA Clippers,Bones Hyland,3.0,3.0,0.0,221.89999999999998,18,4,24.0,0.0,46.0,7.462821090581344
Brooklyn Nets,Tyson Etienne,3.0,0.0,3.0,531.1,14,1,28.0,0.0,43.0,2.9147053285633593
Golden State Warriors,Kristaps Porziņģis,3.0,0.0,3.0,355.8333333333333,9,16,18.0,0.0,43.0,4.350351288056206
Sacramento Kings,Doug McDermott,3.0,2.0,1.0,780.8666666666667,10,6,18.0,0.0,34.0,1.567489114658926
Charlotte Hornets,Coby White,3.0,0.0,3.0,406.3833333333333,5,3,11.0,1.0,20.0,1.7717262026821965
Oklahoma City Thunder,Alex Caruso,2.0,1.0,1.0,2061.0166666666664,159,47,356.0,10.0,572.0,9.991185579932235
Minnesota Timberwolves,Mike Conley,2.0,2.0,0.0,2747.1833333333334,114,28,208.0,7.0,357.0,4.678246203687413
Miami Heat,Davion Mitchell,2.0,0.0,2.0,2947.333333333333,109,19,202.0,11.0,341.0,4.165121013345398
San Antonio Spurs,Chris Paul,2.0,2.0,0.0,2292.1666666666665,103,22,199.0,0.0,324.0,5.088635206863957
Milwaukee Bucks,Taurean Prince,2.0,1.0,1.0,2777.1833333333334,92,21,193.0,4.0,310.0,4.018459950429392
Miami Heat,Haywood Highsmith,2.0,2.0,0.0,1818.35,68,37,168.0,0.0,273.0,5.404900046745676
Minnesota Timberwolves,Jaylen Clark,2.0,2.0,0.0,1409.7333333333333,83,11,159.0,1.0,254.0,6.486333112645418
Indiana Pacers,Ben Sheppard,2.0,2.0,0.0,2620.0333333333333,77,20,148.0,0.0,245.0,3.366369384613427
Los Angeles Lakers,Gabe Vincent,2.0,2.0,0.0,2085.983333333333,65,14,145.0,14.0,238.0,4.107415367652346
Atlanta Hawks,Vít Krejčí,2.0,1.0,1.0,2180.5333333333333,73,39,122.0,1.0,235.0,3.879784762137703
Dallas Mavericks,Dwight Powell,2.0,0.0,2.0,1455.2833333333333,52,42,132.0,8.0,234.0,5.788563509969421
Denver Nuggets,Julian Strawther,2.0,1.0,1.0,2244.1666666666665,64,22,139.0,1.0,226.0,3.6253991830672114
Detroit Pistons,Daniss Jenkins,2.0,0.0,2.0,1478.0833333333333,64,15,118.0,0.0,197.0,4.798105654845803
Cleveland Cavaliers,Nae'Qwan Tomlin,2.0,0.0,2.0,1067.05,41,35,115.0,0.0,191.0,6.443934211142871
Brooklyn Nets,Terance Mann,2.0,0.0,2.0,1529.0333333333333,41,15,123.0,3.0,182.0,4.285060277735388
New York Knicks,Cameron Payne,2.0,2.0,0.0,1089.9833333333333,39,16,110.0,12.0,177.0,5.845960947415098
Dallas Mavericks,Caleb Martin,2.0,0.0,2.0,1131.1,52,18,99.0,7.0,176.0,5.60162673503669
Golden State Warriors,Kevon Looney,2.0,2.0,0.0,1142.2166666666667,46,37,85.0,0.0,168.0,5.294967387973677
Denver Nuggets,Cameron Johnson,2.0,0.0,2.0,1647.0333333333333,40,21,101.0,5.0,167.0,3.6501993483232478
Phoenix Suns,Mason Plumlee,2.0,2.0,0.0,1300.0833333333333,33,47,79.0,1.0,160.0,4.430485225306071
San Antonio Spurs,Luke Kornet,2.0,0.0,2.0,1430.0833333333333,32,65,58.0,4.0,159.0,4.002563953149584
Sacramento Kings,Dylan Cardwell,2.0,0.0,2.0,906.5,30,67,60.0,0.0,157.0,6.234969663541093
Houston Rockets,Aaron Holiday,2.0,0.0,2.0,1573.0,46,16,88.0,3.0,153.0,3.5015893197711376
Sacramento Kings,Trey Lyles,2.0,2.0,0.0,1349.5333333333333,41,23,79.0,10.0,153.0,4.081410858074396
Houston Rockets,Clint Capela,2.0,0.0,2.0,925.7166666666667,36,63,50.0,1.0,150.0,5.833318329942567
Brooklyn Nets,Nolan Traore,2.0,0.0,2.0,1243.4166666666667,45,23,78.0,1.0,147.0,4.256015012398633
Indiana Pacers,Isaiah Jackson,2.0,0.0,2.0,721.9833333333333,29,37,81.0,0.0,147.0,7.32980909069923
Indiana Pacers,Johnny Furphy,2.0,1.0,1.0,1022.55,38,18,76.0,1.0,133.0,4.682411618013789
Miami Heat,Kasparas Jakučionis,2.0,0.0,2.0,944.65,33,7,89.0,3.0,132.0,5.030434552479755
Charlotte Hornets,Grant Williams,2.0,0.0,2.0,1190.4666666666667,35,31,52.0,10.0,128.0,3.870750966007728
Los Angeles Lakers,Dorian Finney-Smith,2.0,2.0,0.0,1239.3999999999999,40,11,71.0,0.0,122.0,3.5436501532999847
Orlando Magic,Trevelin Queen,2.0,2.0,0.0,430.2833333333333,31,10,77.0,0.0,118.0,9.872564589224156
Brooklyn Nets,Ben Simmons,2.0,2.0,0.0,824.7166666666666,26,16,72.0,3.0,117.0,5.10720853626498
Utah Jazz,Johnny Juzang,2.0,2.0,0.0,1269.8666666666666,39,8,68.0,2.0,117.0,3.3168836623267537
Memphis Grizzlies,Javon Small,2.0,0.0,2.0,829.9166666666666,34,9,73.0,0.0,116.0,5.03183050507079
Minnesota Timberwolves,Rob Dillingham,2.0,2.0,0.0,841.8666666666667,39,4,73.0,0.0,116.0,4.960405448210326
Indiana Pacers,Thomas Bryant,2.0,2.0,0.0,848.0333333333333,27,32,55.0,1.0,115.0,4.881883573758894
New York Knicks,Jordan Clarkson,2.0,0.0,2.0,1279.4666666666667,30,9,75.0,0.0,114.0,3.207586494372655
Charlotte Hornets,DaQuan Jeffries,2.0,2.0,0.0,1071.4833333333333,26,25,62.0,0.0,113.0,3.7966059512513803
Dallas Mavericks,Moussa Cisse,2.0,0.0,2.0,529.5833333333333,19,45,43.0,0.0,107.0,7.27364280094414
Orlando Magic,Noah Penda,2.0,0.0,2.0,757.3,30,18,59.0,0.0,107.0,5.086491482899776
New Orleans Pelicans,Bryce McGowens,2.0,0.0,2.0,879.9333333333333,27,8,63.0,8.0,106.0,4.336692173649519
Atlanta Hawks,Luke Kennard,2.0,0.0,2.0,943.4999999999999,33,5,67.0,0.0,105.0,4.006359300476948
Philadelphia 76ers,Jared Butler,2.0,2.0,0.0,681.7333333333333,30,8,66.0,1.0,105.0,5.544690005867397
Atlanta Hawks,Garrison Mathews,2.0,2.0,0.0,829.5166666666667,26,15,44.0,10.0,95.0,4.122882803238834
New York Knicks,Jose Alvarado,2.0,0.0,2.0,473.8,29,4,62.0,0.0,95.0,7.218235542422963
Philadelphia 76ers,Jabari Walker,2.0,0.0,2.0,761.65,23,13,52.0,4.0,92.0,4.348454014311035
Toronto Raptors,Jamison Battle,2.0,1.0,1.0,1558.5166666666667,24,13,52.0,2.0,91.0,2.1019986953406553
Atlanta Hawks,Larry Nance Jr.,2.0,2.0,0.0,463.21666666666664,20,13,50.0,7.0,90.0,6.994566977296442
Chicago Bulls,Talen Horton-Tucker,2.0,2.0,0.0,723.7,21,11,56.0,2.0,90.0,4.4769932292386345
Portland Trail Blazers,Jabari Walker,2.0,2.0,0.0,749.1666666666666,33,6,47.0,1.0,87.0,4.180645161290323
Miami Heat,Alec Burks,2.0,2.0,0.0,863.5,28,7,48.0,0.0,83.0,3.4603358425014474
New Orleans Pelicans,Kelly Olynyk,2.0,2.0,0.0,508.18333333333334,17,11,49.0,4.0,81.0,5.738086648519236
Sacramento Kings,Drew Eubanks,2.0,0.0,2.0,552.2666666666667,15,26,36.0,1.0,78.0,5.084500241429262
Cleveland Cavaliers,Georges Niang,2.0,2.0,0.0,1053.1833333333334,17,7,50.0,2.0,76.0,2.597838299757877
Chicago Bulls,Guerschon Yabusele,2.0,0.0,2.0,641.3833333333333,20,11,38.0,1.0,70.0,3.9290076137515264
New Orleans Pelicans,Bruce Brown,2.0,2.0,0.0,568.8333333333334,17,7,44.0,0.0,68.0,4.303545268092587
Portland Trail Blazers,Duop Reath,2.0,1.0,1.0,727.6,17,22,28.0,1.0,68.0,3.364485981308411
Dallas Mavericks,Ryan Nembhard,2.0,0.0,2.0,1170.8833333333332,25,2,35.0,2.0,64.0,1.9677451496733236
LA Clippers,Darius Garland,2.0,0.0,2.0,552.3166666666666,22,5,36.0,1.0,64.0,4.171519961374816
Brooklyn Nets,Dorian Finney-Smith,2.0,2.0,0.0,579.25,18,12,32.0,1.0,63.0,3.915407854984894
Orlando Magic,Caleb Houstan,2.0,2.0,0.0,788.0,22,6,35.0,0.0,63.0,2.8781725888324874
Utah Jazz,Kevin Love,2.0,0.0,2.0,612.8166666666666,14,9,31.0,3.0,57.0,3.348472898365471
San Antonio Spurs,Zach Collins,2.0,2.0,0.0,425.03333333333336,14,15,25.0,1.0,55.0,4.658458160144302
Atlanta Hawks,Jonathan Kuminga,2.0,0.0,2.0,354.34999999999997,14,5,33.0,1.0,53.0,5.384506843516298
Brooklyn Nets,Shake Milton,2.0,2.0,0.0,491.59999999999997,15,1,32.0,3.0,51.0,3.734743694060212
Orlando Magic,Jamal Cain,2.0,0.0,2.0,485.98333333333335,11,4,35.0,0.0,50.0,3.7038307212181487
Minnesota Timberwolves,Joan Beringer,2.0,0.0,2.0,314.1333333333333,7,26,16.0,0.0,49.0,5.615449915110357
Philadelphia 76ers,KJ Martin,2.0,2.0,0.0,479.56666666666666,11,16,22.0,0.0,49.0,3.6783207061930914
Milwaukee Bucks,Khris Middleton,2.0,2.0,0.0,534.0,17,5,25.0,1.0,48.0,3.235955056179775
Indiana Pacers,Tony Bradley,2.0,1.0,1.0,529.0166666666667,8,16,23.0,0.0,47.0,3.1983869443306765
Washington Wizards,Malcolm Brogdon,2.0,2.0,0.0,564.0833333333334,13,5,29.0,0.0,47.0,2.999556803072832
Indiana Pacers,RayJ Dennis,2.0,0.0,2.0,238.63333333333333,10,6,28.0,0.0,44.0,6.637798575220003
Dallas Mavericks,D'Angelo Russell,2.0,0.0,2.0,494.7833333333333,12,2,27.0,1.0,42.0,3.055883046451309
Washington Wizards,Jared Butler,2.0,2.0,0.0,362.0333333333333,12,5,24.0,1.0,42.0,4.176411011877359
Dallas Mavericks,Khris Middleton,2.0,0.0,2.0,612.1166666666667,15,0,25.0,1.0,41.0,2.411305034443325
New Orleans Pelicans,Keion Brooks Jr.,2.0,2.0,0.0,331.7833333333333,10,10,19.0,0.0,39.0,4.231677299442408
Philadelphia 76ers,Lonnie Walker IV,2.0,2.0,0.0,476.68333333333334,10,5,21.0,0.0,36.0,2.7187860564315933
Philadelphia 76ers,MarJon Beauchamp,2.0,0.0,2.0,196.11666666666667,9,4,17.0,0.0,30.0,5.506926149400867
Brooklyn Nets,E.J. Liddell,2.0,0.0,2.0,349.18333333333334,6,10,12.0,1.0,29.0,2.9898334208391004
Washington Wizards,Jaden Hardy,2.0,0.0,2.0,470.01666666666665,7,4,16.0,1.0,28.0,2.1446048012481826
Golden State Warriors,Nate Williams,2.0,0.0,2.0,239.16666666666666,5,0,22.0,0.0,27.0,4.06411149825784
Philadelphia 76ers,Jalen Hood-Schifino,2.0,2.0,0.0,300.55,5,6,15.0,0.0,26.0,3.1142904674762932
Washington Wizards,Malaki Branham,2.0,0.0,2.0,275.5,10,3,12.0,0.0,25.0,3.266787658802178
Dallas Mavericks,John Poulakidas,2.0,0.0,2.0,253.43333333333334,7,4,11.0,0.0,22.0,3.1250822043930024
Dallas Mavericks,Moses Brown,2.0,2.0,0.0,73.0,4,3,7.0,0.0,14.0,6.904109589041095
Golden State Warriors,Charles Bassey,2.0,0.0,2.0,100.41666666666666,2,7,4.0,0.0,13.0,4.660580912863071
Chicago Bulls,Anfernee Simons,2.0,0.0,2.0,170.13333333333333,0,2,9.0,0.0,11.0,2.327586206896552
Oklahoma City Thunder,Cason Wallace,1.0,0.0,1.0,3922.4166666666665,270,63,583.0,0.0,916.0,8.407061972848371
New Orleans Pelicans,Herbert Jones,1.0,0.0,1.0,2236.5499999999997,125,36,284.0,6.0,451.0,7.259395050412466
Miami Heat,Dru Smith,1.0,1.0,0.0,1409.55,121,27,242.0,16.0,406.0,10.369266787272533
Los Angeles Lakers,Jake LaRavia,1.0,0.0,1.0,2061.4666666666667,104,38,246.0,2.0,390.0,6.810684949227087
Detroit Pistons,Javonte Green,1.0,0.0,1.0,1446.0833333333333,102,25,207.0,1.0,335.0,8.33976833976834
Cleveland Cavaliers,Craig Porter Jr.,1.0,0.0,1.0,1660.95,74,53,182.0,0.0,309.0,6.697371985911677
Los Angeles Lakers,Jarred Vanderbilt,1.0,0.0,1.0,1708.6333333333332,90,29,178.0,0.0,297.0,6.257632805946273
Utah Jazz,Cody Williams,1.0,0.0,1.0,2690.1666666666665,74,42,180.0,0.0,296.0,3.961092869091135
Portland Trail Blazers,Kris Murray,1.0,1.0,0.0,2373.633333333333,86,39,163.0,6.0,294.0,4.45898692580994
Philadelphia 76ers,Dominick Barlow,1.0,0.0,1.0,1688.5166666666667,63,53,123.0,0.0,239.0,5.095596726910207
Memphis Grizzlies,John Konchar,1.0,0.0,1.0,992.8166666666666,61,27,122.0,1.0,211.0,7.650959391629875
Denver Nuggets,Zeke Nnaji,1.0,0.0,1.0,1234.0166666666667,42,62,84.0,2.0,190.0,5.542874893640011
Chicago Bulls,Julian Phillips,1.0,1.0,0.0,1456.3833333333332,55,26,105.0,2.0,188.0,4.647128159939577
Charlotte Hornets,Tidjane Salaün,1.0,0.0,1.0,1819.8,45,21,111.0,5.0,182.0,3.600395647873393
Charlotte Hornets,Sion James,1.0,0.0,1.0,1843.35,52,20,105.0,1.0,178.0,3.4762795996419564
Memphis Grizzlies,Jake LaRavia,1.0,1.0,0.0,981.9499999999999,44,20,103.0,0.0,167.0,6.122511329497429
Atlanta Hawks,Keaton Wallace,1.0,1.0,0.0,1037.1833333333334,52,14,96.0,0.0,162.0,5.622921052208706
Washington Wizards,Anthony Gill,1.0,0.0,1.0,1348.5333333333333,40,23,92.0,1.0,156.0,4.16452442159383
LA Clippers,Kobe Sanders,1.0,0.0,1.0,1351.4166666666665,49,10,92.0,1.0,152.0,4.049084294259111
Cleveland Cavaliers,Keon Ellis,1.0,0.0,1.0,720.4833333333333,37,24,89.0,0.0,150.0,7.494968655300839
Chicago Bulls,Lonzo Ball,1.0,1.0,0.0,777.0166666666667,47,17,83.0,0.0,147.0,6.810664721906438
Portland Trail Blazers,Rayan Rupert,1.0,0.0,1.0,1036.8,45,6,91.0,2.0,144.0,5.0
Houston Rockets,Jae'Sean Tate,1.0,1.0,0.0,992.8333333333333,36,10,84.0,10.0,140.0,5.076380728554642
Brooklyn Nets,Drake Powell,1.0,0.0,1.0,1319.5,36,14,82.0,0.0,132.0,3.6013641530882907
New Orleans Pelicans,Micah Peavy,1.0,0.0,1.0,912.9833333333333,43,9,79.0,1.0,132.0,5.204914291973202
LA Clippers,Amir Coffey,1.0,1.0,0.0,1747.5,40,7,77.0,3.0,127.0,2.6163090128755364
New Orleans Pelicans,Jeremiah Robinson-Earl,1.0,1.0,0.0,1238.95,39,7,68.0,0.0,114.0,3.312482343920255
Philadelphia 76ers,Caleb Martin,1.0,1.0,0.0,943.15,34,20,59.0,1.0,114.0,4.351375709060065
Phoenix Suns,Jamaree Bouyea,1.0,0.0,1.0,644.0833333333333,29,16,65.0,0.0,110.0,6.148272739034804
Toronto Raptors,Davion Mitchell,1.0,1.0,0.0,1080.2833333333333,31,8,63.0,7.0,109.0,3.6323803940324297
New York Knicks,Tyler Kolek,1.0,0.0,1.0,1023.35,34,8,57.0,3.0,102.0,3.588215175648605
Atlanta Hawks,Caris LeVert,1.0,1.0,0.0,691.9666666666666,24,14,58.0,0.0,96.0,4.994460234115324
Memphis Grizzlies,Jay Huff,1.0,1.0,0.0,748.0666666666666,16,56,23.0,0.0,95.0,4.571785045896087
Milwaukee Bucks,Jericho Sims,1.0,0.0,1.0,1527.35,21,26,46.0,0.0,93.0,2.192031950764396
Orlando Magic,Jevon Carter,1.0,0.0,1.0,613.1999999999999,27,8,55.0,0.0,90.0,5.28375733855186
Philadelphia 76ers,Cameron Payne,1.0,0.0,1.0,374.3333333333333,24,7,56.0,3.0,90.0,8.65538735529831
Portland Trail Blazers,Caleb Love,1.0,0.0,1.0,1012.6166666666667,27,4,59.0,0.0,90.0,3.1996313182020177
Utah Jazz,Walter Clayton Jr.,1.0,0.0,1.0,811.1999999999999,24,12,52.0,2.0,90.0,3.994082840236687
Los Angeles Lakers,Bronny James,1.0,1.0,0.0,556.7333333333333,28,7,54.0,0.0,89.0,5.754999401269309
Brooklyn Nets,Tosan Evbuomwan,1.0,1.0,0.0,664.9666666666667,24,10,49.0,2.0,85.0,4.601734422778084
Cleveland Cavaliers,Tyrese Proctor,1.0,0.0,1.0,545.1166666666667,25,0,59.0,1.0,85.0,5.613477237288654
Dallas Mavericks,Quentin Grimes,1.0,1.0,0.0,1069.85,32,10,40.0,1.0,83.0,2.7929148946113944
Memphis Grizzlies,Marcus Smart,1.0,1.0,0.0,400.18333333333334,23,6,51.0,3.0,83.0,7.466577818499854
Sacramento Kings,Daeqwon Plowden,1.0,0.0,1.0,844.3833333333333,23,7,52.0,1.0,83.0,3.5386771411088964
New Orleans Pelicans,Jamal Cain,1.0,1.0,0.0,501.79999999999995,23,9,50.0,0.0,82.0,5.882821841371065
Utah Jazz,Kyle Anderson,1.0,0.0,1.0,401.26666666666665,23,10,48.0,0.0,81.0,7.266987871739492
Atlanta Hawks,Terance Mann,1.0,1.0,0.0,681.9833333333333,19,4,57.0,0.0,80.0,4.2229771011021775
Golden State Warriors,Dennis Schröder,1.0,1.0,0.0,628.1,25,3,51.0,1.0,80.0,4.585257124661678
New York Knicks,Ariel Hukporti,1.0,0.0,1.0,715.3666666666667,10,41,29.0,0.0,80.0,4.0259074600438005
Cleveland Cavaliers,James Harden,1.0,0.0,1.0,879.1999999999999,22,12,45.0,0.0,79.0,3.234758871701547
Toronto Raptors,A.J. Lawson,1.0,1.0,0.0,712.55,25,10,42.0,1.0,78.0,3.94077608588871
Phoenix Suns,Josh Okogie,1.0,1.0,0.0,350.56666666666666,21,11,45.0,0.0,77.0,7.907197870115052
Chicago Bulls,Rob Dillingham,1.0,0.0,1.0,644.05,28,3,45.0,0.0,76.0,4.2481173821908245
Cleveland Cavaliers,Dennis Schröder,1.0,0.0,1.0,640.65,23,5,45.0,3.0,76.0,4.270662608288457
Dallas Mavericks,Kessler Edwards,1.0,1.0,0.0,608.4666666666666,19,20,37.0,0.0,76.0,4.496548701654432
Indiana Pacers,Ethan Thompson,1.0,0.0,1.0,653.2166666666667,20,9,42.0,3.0,74.0,4.078279284566121
San Antonio Spurs,Charles Bassey,1.0,1.0,0.0,375.55,14,30,29.0,0.0,73.0,6.997736652909067
Toronto Raptors,Kelly Olynyk,1.0,1.0,0.0,382.85,16,8,47.0,0.0,71.0,6.676243959775369
Milwaukee Bucks,Cole Anthony,1.0,0.0,1.0,526.6166666666667,20,11,37.0,1.0,69.0,4.716903503497168
Sacramento Kings,Killian Hayes,1.0,0.0,1.0,405.5333333333333,21,4,42.0,1.0,68.0,6.036495150419201
Miami Heat,Kyle Anderson,1.0,1.0,0.0,461.09999999999997,14,13,38.0,2.0,67.0,5.2309694209499025
Miami Heat,Keshad Johnson,1.0,1.0,0.0,377.65,20,12,29.0,0.0,61.0,5.814907983582683
Washington Wizards,Richaun Holmes,1.0,1.0,0.0,534.1166666666667,9,23,29.0,0.0,61.0,4.111461291228508
Washington Wizards,Colby Jones,1.0,1.0,0.0,384.84999999999997,20,6,33.0,1.0,60.0,5.612576328439652
Washington Wizards,Sharife Cooper,1.0,0.0,1.0,700.0,16,5,34.0,5.0,60.0,3.085714285714286
Brooklyn Nets,Chaney Johnson,1.0,0.0,1.0,347.5833333333333,15,9,34.0,0.0,58.0,6.00719251977943
LA Clippers,Mo Bamba,1.0,1.0,0.0,352.45,9,28,21.0,0.0,58.0,5.924244573698397
LA Clippers,Yanic Konan Niederhäuser,1.0,0.0,1.0,423.68333333333334,5,30,21.0,2.0,58.0,4.928208961095157
Minnesota Timberwolves,Josh Minott,1.0,1.0,0.0,276.2833333333333,15,12,31.0,0.0,58.0,7.557459130120047
Chicago Bulls,Leonard Miller,1.0,0.0,1.0,623.7833333333333,13,15,26.0,0.0,54.0,3.11646672188527
Charlotte Hornets,Damion Baugh,1.0,1.0,0.0,370.48333333333335,15,2,36.0,0.0,53.0,5.150029241081469
New York Knicks,Mohamed Diawara,1.0,0.0,1.0,634.15,17,6,29.0,0.0,52.0,2.9519829693290234
Miami Heat,Kevin Love,1.0,1.0,0.0,251.4333333333333,15,4,29.0,2.0,50.0,7.1589553228158564
Phoenix Suns,Monté Morris,1.0,1.0,0.0,570.8,20,3,27.0,0.0,50.0,3.1534688156972672
Washington Wizards,Marcus Smart,1.0,1.0,0.0,280.1666666666667,16,3,28.0,2.0,49.0,6.296252230814991
Toronto Raptors,Bruce Brown,1.0,1.0,0.0,352.7,17,3,28.0,0.0,48.0,4.899347887723278
Atlanta Hawks,Asa Newell,1.0,0.0,1.0,499.91666666666663,16,15,15.0,0.0,46.0,3.312552092015336
Phoenix Suns,Bol Bol,1.0,1.0,0.0,448.48333333333335,9,25,12.0,0.0,46.0,3.6924449069084693
Philadelphia 76ers,Marcus Bagley,1.0,1.0,0.0,253.16666666666669,9,12,23.0,1.0,45.0,6.39894667544437
Brooklyn Nets,Malachi Smith,1.0,0.0,1.0,358.81666666666666,12,4,26.0,1.0,43.0,4.314180872311765
Charlotte Hornets,Vasilije Micić,1.0,1.0,0.0,764.25,15,0,27.0,1.0,43.0,2.0255152109911676
Houston Rockets,Jock Landale,1.0,1.0,0.0,500.01666666666665,13,10,19.0,1.0,43.0,3.0958968034398855
Memphis Grizzlies,Tyler Burton,1.0,0.0,1.0,306.75,11,4,28.0,0.0,43.0,5.0464547677261615
Brooklyn Nets,Maxwell Lewis,1.0,1.0,0.0,298.3,8,7,25.0,0.0,40.0,4.827355011733155
Chicago Bulls,Nick Richards,1.0,0.0,1.0,447.18333333333334,6,18,16.0,0.0,40.0,3.2201557899444673
Oklahoma City Thunder,Jared McCain,1.0,0.0,1.0,539.5666666666666,13,3,21.0,2.0,39.0,2.602088095385186
Utah Jazz,Kennedy Chandler,1.0,0.0,1.0,355.23333333333335,11,2,25.0,1.0,39.0,3.9523318006943793
Houston Rockets,Jeff Green,1.0,1.0,0.0,571.2666666666667,8,6,21.0,1.0,36.0,2.268642782121601
Memphis Grizzlies,DeJon Jarreau,1.0,0.0,1.0,230.73333333333332,10,8,17.0,0.0,35.0,5.460849465472408
Milwaukee Bucks,Cormac Ryan,1.0,0.0,1.0,270.68333333333334,11,3,21.0,0.0,35.0,4.654885782895143
Chicago Bulls,Yuki Kawamura,1.0,0.0,1.0,209.03333333333333,9,0,14.0,2.0,25.0,4.3055334077499605
Charlotte Hornets,Pat Connaughton,1.0,0.0,1.0,296.51666666666665,11,1,11.0,1.0,24.0,2.9138328368276096
Los Angeles Lakers,Nick Smith Jr.,1.0,0.0,1.0,374.8666666666667,9,2,10.0,0.0,21.0,2.016717054952872
Atlanta Hawks,Christian Koloko,1.0,0.0,1.0,155.76666666666668,4,10,6.0,0.0,20.0,4.622298309437192
Charlotte Hornets,Liam McNeeley,1.0,0.0,1.0,367.55,5,3,12.0,0.0,20.0,1.9589171541286898
Milwaukee Bucks,Cam Thomas,1.0,0.0,1.0,298.65,5,2,12.0,1.0,20.0,2.410848819688599
Los Angeles Lakers,Drew Timme,1.0,0.0,1.0,235.08333333333331,6,0,10.0,1.0,17.0,2.6033321517192487
Brooklyn Nets,Dariq Whitehead,1.0,1.0,0.0,246.08333333333331,6,1,9.0,0.0,16.0,2.3406705045716225
Memphis Grizzlies,Dariq Whitehead,1.0,0.0,1.0,182.81666666666666,4,0,10.0,0.0,14.0,2.7568602425015953
Utah Jazz,Blake Hinson,1.0,0.0,1.0,285.43333333333334,5,2,7.0,0.0,14.0,1.7657363073689127
Detroit Pistons,Tolu Smith,1.0,0.0,1.0,159.78333333333333,2,6,4.0,0.0,12.0,2.7036612078856783
Indiana Pacers,Ivica Zubac,1.0,0.0,1.0,118.26666666666667,2,4,6.0,0.0,12.0,3.652762119503946
Chicago Bulls,Torrey Craig,1.0,1.0,0.0,112.85000000000001,2,1,8.0,0.0,11.0,3.509082853345148
Washington Wizards,Alondes Williams,1.0,0.0,1.0,100.78333333333333,3,3,4.0,0.0,10.0,3.5720191830659833
Indiana Pacers,Moses Brown,1.0,1.0,0.0,45.56666666666667,2,1,4.0,0.0,7.0,5.530358449158741
Atlanta Hawks,Buddy Hield,1.0,0.0,1.0,51.18333333333334,2,0,4.0,0.0,6.0,4.220123738196027
Atlanta Hawks,Daeqwon Plowden,1.0,1.0,0.0,71.55,0,0,1.0,0.0,1.0,0.5031446540880503
